/*
 Navicat Premium Data Transfer

 Source Server         : localhost_3306
 Source Server Type    : MySQL
 Source Server Version : 50725
 Source Host           : localhost:3306
 Source Schema         : cs

 Target Server Type    : MySQL
 Target Server Version : 50725
 File Encoding         : 65001

 Date: 14/04/2020 16:15:17
*/

SET NAMES utf8mb4;
SET FOREIGN_KEY_CHECKS = 0;

-- ----------------------------
-- Table structure for collection
-- ----------------------------
DROP TABLE IF EXISTS `collection`;
CREATE TABLE `collection`  (
  `id` int(11) NOT NULL AUTO_INCREMENT,
  `user_id` int(11) NOT NULL,
  `item_id` int(11) NOT NULL,
  PRIMARY KEY (`id`) USING BTREE
) ENGINE = InnoDB AUTO_INCREMENT = 16 CHARACTER SET = utf8 COLLATE = utf8_unicode_ci ROW_FORMAT = Dynamic;

-- ----------------------------
-- Records of collection
-- ----------------------------
INSERT INTO `collection` VALUES (13, 12, 19);
INSERT INTO `collection` VALUES (14, 11, 21);
INSERT INTO `collection` VALUES (15, 12, 21);

-- ----------------------------
-- Table structure for dim_day
-- ----------------------------
DROP TABLE IF EXISTS `dim_day`;
CREATE TABLE `dim_day`  (
  `dt2` varchar(10) CHARACTER SET utf8 COLLATE utf8_general_ci NOT NULL,
  `dt` varchar(10) CHARACTER SET utf8 COLLATE utf8_general_ci NULL DEFAULT NULL,
  `yr` varchar(10) CHARACTER SET utf8 COLLATE utf8_general_ci NULL DEFAULT NULL,
  `mm` varchar(10) CHARACTER SET utf8 COLLATE utf8_general_ci NULL DEFAULT NULL,
  `dd` varchar(10) CHARACTER SET utf8 COLLATE utf8_general_ci NULL DEFAULT NULL,
  `day_of_week` varchar(10) CHARACTER SET utf8 COLLATE utf8_general_ci NULL DEFAULT NULL,
  `week_num` int(10) NULL DEFAULT NULL,
  `qr` varchar(10) CHARACTER SET utf8 COLLATE utf8_general_ci NULL DEFAULT NULL,
  `bourse_week` varchar(10) CHARACTER SET utf8 COLLATE utf8_general_ci NULL DEFAULT NULL,
  `yrmm` varchar(10) CHARACTER SET utf8 COLLATE utf8_general_ci NULL DEFAULT NULL,
  `week_begin` varchar(10) CHARACTER SET utf8 COLLATE utf8_general_ci NULL DEFAULT NULL,
  `week_end` varchar(10) CHARACTER SET utf8 COLLATE utf8_general_ci NULL DEFAULT NULL,
  PRIMARY KEY (`dt2`) USING BTREE
) ENGINE = InnoDB CHARACTER SET = utf8 COLLATE = utf8_general_ci ROW_FORMAT = Dynamic;

-- ----------------------------
-- Records of dim_day
-- ----------------------------
INSERT INTO `dim_day` VALUES ('20200101', '2020-01-01', '2020', '01', '01', '星期三', 1, '20201', '2020-01', '202001', '20191230', '20200105');
INSERT INTO `dim_day` VALUES ('20200102', '2020-01-02', '2020', '01', '02', '星期四', 1, '20201', '2020-01', '202001', '20191230', '20200105');
INSERT INTO `dim_day` VALUES ('20200103', '2020-01-03', '2020', '01', '03', '星期五', 1, '20201', '2020-01', '202001', '20191230', '20200105');
INSERT INTO `dim_day` VALUES ('20200104', '2020-01-04', '2020', '01', '04', '星期六', 1, '20201', '2020-01', '202001', '20191230', '20200105');
INSERT INTO `dim_day` VALUES ('20200105', '2020-01-05', '2020', '01', '05', '星期日', 1, '20201', '2020-01', '202001', '20200106', '20200112');
INSERT INTO `dim_day` VALUES ('20200106', '2020-01-06', '2020', '01', '06', '星期一', 2, '20201', '2020-02', '202001', '20200106', '20200112');
INSERT INTO `dim_day` VALUES ('20200107', '2020-01-07', '2020', '01', '07', '星期二', 2, '20201', '2020-02', '202001', '20200106', '20200112');
INSERT INTO `dim_day` VALUES ('20200108', '2020-01-08', '2020', '01', '08', '星期三', 2, '20201', '2020-02', '202001', '20200106', '20200112');
INSERT INTO `dim_day` VALUES ('20200109', '2020-01-09', '2020', '01', '09', '星期四', 2, '20201', '2020-02', '202001', '20200106', '20200112');
INSERT INTO `dim_day` VALUES ('20200110', '2020-01-10', '2020', '01', '10', '星期五', 2, '20201', '2020-02', '202001', '20200106', '20200112');
INSERT INTO `dim_day` VALUES ('20200111', '2020-01-11', '2020', '01', '11', '星期六', 2, '20201', '2020-02', '202001', '20200106', '20200112');
INSERT INTO `dim_day` VALUES ('20200112', '2020-01-12', '2020', '01', '12', '星期日', 2, '20201', '2020-02', '202001', '20200113', '20200119');
INSERT INTO `dim_day` VALUES ('20200113', '2020-01-13', '2020', '01', '13', '星期一', 3, '20201', '2020-03', '202001', '20200113', '20200119');
INSERT INTO `dim_day` VALUES ('20200114', '2020-01-14', '2020', '01', '14', '星期二', 3, '20201', '2020-03', '202001', '20200113', '20200119');
INSERT INTO `dim_day` VALUES ('20200115', '2020-01-15', '2020', '01', '15', '星期三', 3, '20201', '2020-03', '202001', '20200113', '20200119');
INSERT INTO `dim_day` VALUES ('20200116', '2020-01-16', '2020', '01', '16', '星期四', 3, '20201', '2020-03', '202001', '20200113', '20200119');
INSERT INTO `dim_day` VALUES ('20200117', '2020-01-17', '2020', '01', '17', '星期五', 3, '20201', '2020-03', '202001', '20200113', '20200119');
INSERT INTO `dim_day` VALUES ('20200118', '2020-01-18', '2020', '01', '18', '星期六', 3, '20201', '2020-03', '202001', '20200113', '20200119');
INSERT INTO `dim_day` VALUES ('20200119', '2020-01-19', '2020', '01', '19', '星期日', 3, '20201', '2020-03', '202001', '20200120', '20200126');
INSERT INTO `dim_day` VALUES ('20200120', '2020-01-20', '2020', '01', '20', '星期一', 4, '20201', '2020-04', '202001', '20200120', '20200126');
INSERT INTO `dim_day` VALUES ('20200121', '2020-01-21', '2020', '01', '21', '星期二', 4, '20201', '2020-04', '202001', '20200120', '20200126');
INSERT INTO `dim_day` VALUES ('20200122', '2020-01-22', '2020', '01', '22', '星期三', 4, '20201', '2020-04', '202001', '20200120', '20200126');
INSERT INTO `dim_day` VALUES ('20200123', '2020-01-23', '2020', '01', '23', '星期四', 4, '20201', '2020-04', '202001', '20200120', '20200126');
INSERT INTO `dim_day` VALUES ('20200124', '2020-01-24', '2020', '01', '24', '星期五', 4, '20201', '2020-04', '202001', '20200120', '20200126');
INSERT INTO `dim_day` VALUES ('20200125', '2020-01-25', '2020', '01', '25', '星期六', 4, '20201', '2020-04', '202001', '20200120', '20200126');
INSERT INTO `dim_day` VALUES ('20200126', '2020-01-26', '2020', '01', '26', '星期日', 4, '20201', '2020-04', '202001', '20200127', '20200202');
INSERT INTO `dim_day` VALUES ('20200127', '2020-01-27', '2020', '01', '27', '星期一', 5, '20201', '2020-05', '202001', '20200127', '20200202');
INSERT INTO `dim_day` VALUES ('20200128', '2020-01-28', '2020', '01', '28', '星期二', 5, '20201', '2020-05', '202001', '20200127', '20200202');
INSERT INTO `dim_day` VALUES ('20200129', '2020-01-29', '2020', '01', '29', '星期三', 5, '20201', '2020-05', '202001', '20200127', '20200202');
INSERT INTO `dim_day` VALUES ('20200130', '2020-01-30', '2020', '01', '30', '星期四', 5, '20201', '2020-05', '202001', '20200127', '20200202');
INSERT INTO `dim_day` VALUES ('20200131', '2020-01-31', '2020', '01', '31', '星期五', 5, '20201', '2020-05', '202001', '20200127', '20200202');
INSERT INTO `dim_day` VALUES ('20200201', '2020-02-01', '2020', '02', '01', '星期六', 5, '20201', '2020-05', '202002', '20200127', '20200202');
INSERT INTO `dim_day` VALUES ('20200202', '2020-02-02', '2020', '02', '02', '星期日', 5, '20201', '2020-05', '202002', '20200203', '20200209');
INSERT INTO `dim_day` VALUES ('20200203', '2020-02-03', '2020', '02', '03', '星期一', 6, '20201', '2020-06', '202002', '20200203', '20200209');
INSERT INTO `dim_day` VALUES ('20200204', '2020-02-04', '2020', '02', '04', '星期二', 6, '20201', '2020-06', '202002', '20200203', '20200209');
INSERT INTO `dim_day` VALUES ('20200205', '2020-02-05', '2020', '02', '05', '星期三', 6, '20201', '2020-06', '202002', '20200203', '20200209');
INSERT INTO `dim_day` VALUES ('20200206', '2020-02-06', '2020', '02', '06', '星期四', 6, '20201', '2020-06', '202002', '20200203', '20200209');
INSERT INTO `dim_day` VALUES ('20200207', '2020-02-07', '2020', '02', '07', '星期五', 6, '20201', '2020-06', '202002', '20200203', '20200209');
INSERT INTO `dim_day` VALUES ('20200208', '2020-02-08', '2020', '02', '08', '星期六', 6, '20201', '2020-06', '202002', '20200203', '20200209');
INSERT INTO `dim_day` VALUES ('20200209', '2020-02-09', '2020', '02', '09', '星期日', 6, '20201', '2020-06', '202002', '20200210', '20200216');
INSERT INTO `dim_day` VALUES ('20200210', '2020-02-10', '2020', '02', '10', '星期一', 7, '20201', '2020-07', '202002', '20200210', '20200216');
INSERT INTO `dim_day` VALUES ('20200211', '2020-02-11', '2020', '02', '11', '星期二', 7, '20201', '2020-07', '202002', '20200210', '20200216');
INSERT INTO `dim_day` VALUES ('20200212', '2020-02-12', '2020', '02', '12', '星期三', 7, '20201', '2020-07', '202002', '20200210', '20200216');
INSERT INTO `dim_day` VALUES ('20200213', '2020-02-13', '2020', '02', '13', '星期四', 7, '20201', '2020-07', '202002', '20200210', '20200216');
INSERT INTO `dim_day` VALUES ('20200214', '2020-02-14', '2020', '02', '14', '星期五', 7, '20201', '2020-07', '202002', '20200210', '20200216');
INSERT INTO `dim_day` VALUES ('20200215', '2020-02-15', '2020', '02', '15', '星期六', 7, '20201', '2020-07', '202002', '20200210', '20200216');
INSERT INTO `dim_day` VALUES ('20200216', '2020-02-16', '2020', '02', '16', '星期日', 7, '20201', '2020-07', '202002', '20200217', '20200223');
INSERT INTO `dim_day` VALUES ('20200217', '2020-02-17', '2020', '02', '17', '星期一', 8, '20201', '2020-08', '202002', '20200217', '20200223');
INSERT INTO `dim_day` VALUES ('20200218', '2020-02-18', '2020', '02', '18', '星期二', 8, '20201', '2020-08', '202002', '20200217', '20200223');
INSERT INTO `dim_day` VALUES ('20200219', '2020-02-19', '2020', '02', '19', '星期三', 8, '20201', '2020-08', '202002', '20200217', '20200223');
INSERT INTO `dim_day` VALUES ('20200220', '2020-02-20', '2020', '02', '20', '星期四', 8, '20201', '2020-08', '202002', '20200217', '20200223');
INSERT INTO `dim_day` VALUES ('20200221', '2020-02-21', '2020', '02', '21', '星期五', 8, '20201', '2020-08', '202002', '20200217', '20200223');
INSERT INTO `dim_day` VALUES ('20200222', '2020-02-22', '2020', '02', '22', '星期六', 8, '20201', '2020-08', '202002', '20200217', '20200223');
INSERT INTO `dim_day` VALUES ('20200223', '2020-02-23', '2020', '02', '23', '星期日', 8, '20201', '2020-08', '202002', '20200224', '20200301');
INSERT INTO `dim_day` VALUES ('20200224', '2020-02-24', '2020', '02', '24', '星期一', 9, '20201', '2020-09', '202002', '20200224', '20200301');
INSERT INTO `dim_day` VALUES ('20200225', '2020-02-25', '2020', '02', '25', '星期二', 9, '20201', '2020-09', '202002', '20200224', '20200301');
INSERT INTO `dim_day` VALUES ('20200226', '2020-02-26', '2020', '02', '26', '星期三', 9, '20201', '2020-09', '202002', '20200224', '20200301');
INSERT INTO `dim_day` VALUES ('20200227', '2020-02-27', '2020', '02', '27', '星期四', 9, '20201', '2020-09', '202002', '20200224', '20200301');
INSERT INTO `dim_day` VALUES ('20200228', '2020-02-28', '2020', '02', '28', '星期五', 9, '20201', '2020-09', '202002', '20200224', '20200301');
INSERT INTO `dim_day` VALUES ('20200229', '2020-02-29', '2020', '02', '29', '星期六', 9, '20201', '2020-09', '202002', '20200224', '20200301');
INSERT INTO `dim_day` VALUES ('20200301', '2020-03-01', '2020', '03', '01', '星期日', 9, '20201', '2020-09', '202003', '20200302', '20200308');
INSERT INTO `dim_day` VALUES ('20200302', '2020-03-02', '2020', '03', '02', '星期一', 10, '20201', '2020-10', '202003', '20200302', '20200308');
INSERT INTO `dim_day` VALUES ('20200303', '2020-03-03', '2020', '03', '03', '星期二', 10, '20201', '2020-10', '202003', '20200302', '20200308');
INSERT INTO `dim_day` VALUES ('20200304', '2020-03-04', '2020', '03', '04', '星期三', 10, '20201', '2020-10', '202003', '20200302', '20200308');
INSERT INTO `dim_day` VALUES ('20200305', '2020-03-05', '2020', '03', '05', '星期四', 10, '20201', '2020-10', '202003', '20200302', '20200308');
INSERT INTO `dim_day` VALUES ('20200306', '2020-03-06', '2020', '03', '06', '星期五', 10, '20201', '2020-10', '202003', '20200302', '20200308');
INSERT INTO `dim_day` VALUES ('20200307', '2020-03-07', '2020', '03', '07', '星期六', 10, '20201', '2020-10', '202003', '20200302', '20200308');
INSERT INTO `dim_day` VALUES ('20200308', '2020-03-08', '2020', '03', '08', '星期日', 10, '20201', '2020-10', '202003', '20200309', '20200315');
INSERT INTO `dim_day` VALUES ('20200309', '2020-03-09', '2020', '03', '09', '星期一', 11, '20201', '2020-11', '202003', '20200309', '20200315');
INSERT INTO `dim_day` VALUES ('20200310', '2020-03-10', '2020', '03', '10', '星期二', 11, '20201', '2020-11', '202003', '20200309', '20200315');
INSERT INTO `dim_day` VALUES ('20200311', '2020-03-11', '2020', '03', '11', '星期三', 11, '20201', '2020-11', '202003', '20200309', '20200315');
INSERT INTO `dim_day` VALUES ('20200312', '2020-03-12', '2020', '03', '12', '星期四', 11, '20201', '2020-11', '202003', '20200309', '20200315');
INSERT INTO `dim_day` VALUES ('20200313', '2020-03-13', '2020', '03', '13', '星期五', 11, '20201', '2020-11', '202003', '20200309', '20200315');
INSERT INTO `dim_day` VALUES ('20200314', '2020-03-14', '2020', '03', '14', '星期六', 11, '20201', '2020-11', '202003', '20200309', '20200315');
INSERT INTO `dim_day` VALUES ('20200315', '2020-03-15', '2020', '03', '15', '星期日', 11, '20201', '2020-11', '202003', '20200316', '20200322');
INSERT INTO `dim_day` VALUES ('20200316', '2020-03-16', '2020', '03', '16', '星期一', 12, '20201', '2020-12', '202003', '20200316', '20200322');
INSERT INTO `dim_day` VALUES ('20200317', '2020-03-17', '2020', '03', '17', '星期二', 12, '20201', '2020-12', '202003', '20200316', '20200322');
INSERT INTO `dim_day` VALUES ('20200318', '2020-03-18', '2020', '03', '18', '星期三', 12, '20201', '2020-12', '202003', '20200316', '20200322');
INSERT INTO `dim_day` VALUES ('20200319', '2020-03-19', '2020', '03', '19', '星期四', 12, '20201', '2020-12', '202003', '20200316', '20200322');
INSERT INTO `dim_day` VALUES ('20200320', '2020-03-20', '2020', '03', '20', '星期五', 12, '20201', '2020-12', '202003', '20200316', '20200322');
INSERT INTO `dim_day` VALUES ('20200321', '2020-03-21', '2020', '03', '21', '星期六', 12, '20201', '2020-12', '202003', '20200316', '20200322');
INSERT INTO `dim_day` VALUES ('20200322', '2020-03-22', '2020', '03', '22', '星期日', 12, '20201', '2020-12', '202003', '20200323', '20200329');
INSERT INTO `dim_day` VALUES ('20200323', '2020-03-23', '2020', '03', '23', '星期一', 13, '20201', '2020-13', '202003', '20200323', '20200329');
INSERT INTO `dim_day` VALUES ('20200324', '2020-03-24', '2020', '03', '24', '星期二', 13, '20201', '2020-13', '202003', '20200323', '20200329');
INSERT INTO `dim_day` VALUES ('20200325', '2020-03-25', '2020', '03', '25', '星期三', 13, '20201', '2020-13', '202003', '20200323', '20200329');
INSERT INTO `dim_day` VALUES ('20200326', '2020-03-26', '2020', '03', '26', '星期四', 13, '20201', '2020-13', '202003', '20200323', '20200329');
INSERT INTO `dim_day` VALUES ('20200327', '2020-03-27', '2020', '03', '27', '星期五', 13, '20201', '2020-13', '202003', '20200323', '20200329');
INSERT INTO `dim_day` VALUES ('20200328', '2020-03-28', '2020', '03', '28', '星期六', 13, '20201', '2020-13', '202003', '20200323', '20200329');
INSERT INTO `dim_day` VALUES ('20200329', '2020-03-29', '2020', '03', '29', '星期日', 13, '20201', '2020-13', '202003', '20200330', '20200405');
INSERT INTO `dim_day` VALUES ('20200330', '2020-03-30', '2020', '03', '30', '星期一', 14, '20201', '2020-14', '202003', '20200330', '20200405');
INSERT INTO `dim_day` VALUES ('20200331', '2020-03-31', '2020', '03', '31', '星期二', 14, '20201', '2020-14', '202003', '20200330', '20200405');
INSERT INTO `dim_day` VALUES ('20200401', '2020-04-01', '2020', '04', '01', '星期三', 14, '20202', '2020-14', '202004', '20200330', '20200405');
INSERT INTO `dim_day` VALUES ('20200402', '2020-04-02', '2020', '04', '02', '星期四', 14, '20202', '2020-14', '202004', '20200330', '20200405');
INSERT INTO `dim_day` VALUES ('20200403', '2020-04-03', '2020', '04', '03', '星期五', 14, '20202', '2020-14', '202004', '20200330', '20200405');
INSERT INTO `dim_day` VALUES ('20200404', '2020-04-04', '2020', '04', '04', '星期六', 14, '20202', '2020-14', '202004', '20200330', '20200405');
INSERT INTO `dim_day` VALUES ('20200405', '2020-04-05', '2020', '04', '05', '星期日', 14, '20202', '2020-14', '202004', '20200406', '20200412');
INSERT INTO `dim_day` VALUES ('20200406', '2020-04-06', '2020', '04', '06', '星期一', 15, '20202', '2020-15', '202004', '20200406', '20200412');
INSERT INTO `dim_day` VALUES ('20200407', '2020-04-07', '2020', '04', '07', '星期二', 15, '20202', '2020-15', '202004', '20200406', '20200412');
INSERT INTO `dim_day` VALUES ('20200408', '2020-04-08', '2020', '04', '08', '星期三', 15, '20202', '2020-15', '202004', '20200406', '20200412');
INSERT INTO `dim_day` VALUES ('20200409', '2020-04-09', '2020', '04', '09', '星期四', 15, '20202', '2020-15', '202004', '20200406', '20200412');
INSERT INTO `dim_day` VALUES ('20200410', '2020-04-10', '2020', '04', '10', '星期五', 15, '20202', '2020-15', '202004', '20200406', '20200412');
INSERT INTO `dim_day` VALUES ('20200411', '2020-04-11', '2020', '04', '11', '星期六', 15, '20202', '2020-15', '202004', '20200406', '20200412');
INSERT INTO `dim_day` VALUES ('20200412', '2020-04-12', '2020', '04', '12', '星期日', 15, '20202', '2020-15', '202004', '20200413', '20200419');
INSERT INTO `dim_day` VALUES ('20200413', '2020-04-13', '2020', '04', '13', '星期一', 16, '20202', '2020-16', '202004', '20200413', '20200419');
INSERT INTO `dim_day` VALUES ('20200414', '2020-04-14', '2020', '04', '14', '星期二', 16, '20202', '2020-16', '202004', '20200413', '20200419');
INSERT INTO `dim_day` VALUES ('20200415', '2020-04-15', '2020', '04', '15', '星期三', 16, '20202', '2020-16', '202004', '20200413', '20200419');
INSERT INTO `dim_day` VALUES ('20200416', '2020-04-16', '2020', '04', '16', '星期四', 16, '20202', '2020-16', '202004', '20200413', '20200419');
INSERT INTO `dim_day` VALUES ('20200417', '2020-04-17', '2020', '04', '17', '星期五', 16, '20202', '2020-16', '202004', '20200413', '20200419');
INSERT INTO `dim_day` VALUES ('20200418', '2020-04-18', '2020', '04', '18', '星期六', 16, '20202', '2020-16', '202004', '20200413', '20200419');
INSERT INTO `dim_day` VALUES ('20200419', '2020-04-19', '2020', '04', '19', '星期日', 16, '20202', '2020-16', '202004', '20200420', '20200426');
INSERT INTO `dim_day` VALUES ('20200420', '2020-04-20', '2020', '04', '20', '星期一', 17, '20202', '2020-17', '202004', '20200420', '20200426');
INSERT INTO `dim_day` VALUES ('20200421', '2020-04-21', '2020', '04', '21', '星期二', 17, '20202', '2020-17', '202004', '20200420', '20200426');
INSERT INTO `dim_day` VALUES ('20200422', '2020-04-22', '2020', '04', '22', '星期三', 17, '20202', '2020-17', '202004', '20200420', '20200426');
INSERT INTO `dim_day` VALUES ('20200423', '2020-04-23', '2020', '04', '23', '星期四', 17, '20202', '2020-17', '202004', '20200420', '20200426');
INSERT INTO `dim_day` VALUES ('20200424', '2020-04-24', '2020', '04', '24', '星期五', 17, '20202', '2020-17', '202004', '20200420', '20200426');
INSERT INTO `dim_day` VALUES ('20200425', '2020-04-25', '2020', '04', '25', '星期六', 17, '20202', '2020-17', '202004', '20200420', '20200426');
INSERT INTO `dim_day` VALUES ('20200426', '2020-04-26', '2020', '04', '26', '星期日', 17, '20202', '2020-17', '202004', '20200427', '20200503');
INSERT INTO `dim_day` VALUES ('20200427', '2020-04-27', '2020', '04', '27', '星期一', 18, '20202', '2020-18', '202004', '20200427', '20200503');
INSERT INTO `dim_day` VALUES ('20200428', '2020-04-28', '2020', '04', '28', '星期二', 18, '20202', '2020-18', '202004', '20200427', '20200503');
INSERT INTO `dim_day` VALUES ('20200429', '2020-04-29', '2020', '04', '29', '星期三', 18, '20202', '2020-18', '202004', '20200427', '20200503');
INSERT INTO `dim_day` VALUES ('20200430', '2020-04-30', '2020', '04', '30', '星期四', 18, '20202', '2020-18', '202004', '20200427', '20200503');
INSERT INTO `dim_day` VALUES ('20200501', '2020-05-01', '2020', '05', '01', '星期五', 18, '20202', '2020-18', '202005', '20200427', '20200503');
INSERT INTO `dim_day` VALUES ('20200502', '2020-05-02', '2020', '05', '02', '星期六', 18, '20202', '2020-18', '202005', '20200427', '20200503');
INSERT INTO `dim_day` VALUES ('20200503', '2020-05-03', '2020', '05', '03', '星期日', 18, '20202', '2020-18', '202005', '20200504', '20200510');
INSERT INTO `dim_day` VALUES ('20200504', '2020-05-04', '2020', '05', '04', '星期一', 19, '20202', '2020-19', '202005', '20200504', '20200510');
INSERT INTO `dim_day` VALUES ('20200505', '2020-05-05', '2020', '05', '05', '星期二', 19, '20202', '2020-19', '202005', '20200504', '20200510');
INSERT INTO `dim_day` VALUES ('20200506', '2020-05-06', '2020', '05', '06', '星期三', 19, '20202', '2020-19', '202005', '20200504', '20200510');
INSERT INTO `dim_day` VALUES ('20200507', '2020-05-07', '2020', '05', '07', '星期四', 19, '20202', '2020-19', '202005', '20200504', '20200510');
INSERT INTO `dim_day` VALUES ('20200508', '2020-05-08', '2020', '05', '08', '星期五', 19, '20202', '2020-19', '202005', '20200504', '20200510');
INSERT INTO `dim_day` VALUES ('20200509', '2020-05-09', '2020', '05', '09', '星期六', 19, '20202', '2020-19', '202005', '20200504', '20200510');
INSERT INTO `dim_day` VALUES ('20200510', '2020-05-10', '2020', '05', '10', '星期日', 19, '20202', '2020-19', '202005', '20200511', '20200517');
INSERT INTO `dim_day` VALUES ('20200511', '2020-05-11', '2020', '05', '11', '星期一', 20, '20202', '2020-20', '202005', '20200511', '20200517');
INSERT INTO `dim_day` VALUES ('20200512', '2020-05-12', '2020', '05', '12', '星期二', 20, '20202', '2020-20', '202005', '20200511', '20200517');
INSERT INTO `dim_day` VALUES ('20200513', '2020-05-13', '2020', '05', '13', '星期三', 20, '20202', '2020-20', '202005', '20200511', '20200517');
INSERT INTO `dim_day` VALUES ('20200514', '2020-05-14', '2020', '05', '14', '星期四', 20, '20202', '2020-20', '202005', '20200511', '20200517');
INSERT INTO `dim_day` VALUES ('20200515', '2020-05-15', '2020', '05', '15', '星期五', 20, '20202', '2020-20', '202005', '20200511', '20200517');
INSERT INTO `dim_day` VALUES ('20200516', '2020-05-16', '2020', '05', '16', '星期六', 20, '20202', '2020-20', '202005', '20200511', '20200517');
INSERT INTO `dim_day` VALUES ('20200517', '2020-05-17', '2020', '05', '17', '星期日', 20, '20202', '2020-20', '202005', '20200518', '20200524');
INSERT INTO `dim_day` VALUES ('20200518', '2020-05-18', '2020', '05', '18', '星期一', 21, '20202', '2020-21', '202005', '20200518', '20200524');
INSERT INTO `dim_day` VALUES ('20200519', '2020-05-19', '2020', '05', '19', '星期二', 21, '20202', '2020-21', '202005', '20200518', '20200524');
INSERT INTO `dim_day` VALUES ('20200520', '2020-05-20', '2020', '05', '20', '星期三', 21, '20202', '2020-21', '202005', '20200518', '20200524');
INSERT INTO `dim_day` VALUES ('20200521', '2020-05-21', '2020', '05', '21', '星期四', 21, '20202', '2020-21', '202005', '20200518', '20200524');
INSERT INTO `dim_day` VALUES ('20200522', '2020-05-22', '2020', '05', '22', '星期五', 21, '20202', '2020-21', '202005', '20200518', '20200524');
INSERT INTO `dim_day` VALUES ('20200523', '2020-05-23', '2020', '05', '23', '星期六', 21, '20202', '2020-21', '202005', '20200518', '20200524');
INSERT INTO `dim_day` VALUES ('20200524', '2020-05-24', '2020', '05', '24', '星期日', 21, '20202', '2020-21', '202005', '20200525', '20200531');
INSERT INTO `dim_day` VALUES ('20200525', '2020-05-25', '2020', '05', '25', '星期一', 22, '20202', '2020-22', '202005', '20200525', '20200531');
INSERT INTO `dim_day` VALUES ('20200526', '2020-05-26', '2020', '05', '26', '星期二', 22, '20202', '2020-22', '202005', '20200525', '20200531');
INSERT INTO `dim_day` VALUES ('20200527', '2020-05-27', '2020', '05', '27', '星期三', 22, '20202', '2020-22', '202005', '20200525', '20200531');
INSERT INTO `dim_day` VALUES ('20200528', '2020-05-28', '2020', '05', '28', '星期四', 22, '20202', '2020-22', '202005', '20200525', '20200531');
INSERT INTO `dim_day` VALUES ('20200529', '2020-05-29', '2020', '05', '29', '星期五', 22, '20202', '2020-22', '202005', '20200525', '20200531');
INSERT INTO `dim_day` VALUES ('20200530', '2020-05-30', '2020', '05', '30', '星期六', 22, '20202', '2020-22', '202005', '20200525', '20200531');
INSERT INTO `dim_day` VALUES ('20200531', '2020-05-31', '2020', '05', '31', '星期日', 22, '20202', '2020-22', '202005', '20200601', '20200607');
INSERT INTO `dim_day` VALUES ('20200601', '2020-06-01', '2020', '06', '01', '星期一', 23, '20202', '2020-23', '202006', '20200601', '20200607');
INSERT INTO `dim_day` VALUES ('20200602', '2020-06-02', '2020', '06', '02', '星期二', 23, '20202', '2020-23', '202006', '20200601', '20200607');
INSERT INTO `dim_day` VALUES ('20200603', '2020-06-03', '2020', '06', '03', '星期三', 23, '20202', '2020-23', '202006', '20200601', '20200607');
INSERT INTO `dim_day` VALUES ('20200604', '2020-06-04', '2020', '06', '04', '星期四', 23, '20202', '2020-23', '202006', '20200601', '20200607');
INSERT INTO `dim_day` VALUES ('20200605', '2020-06-05', '2020', '06', '05', '星期五', 23, '20202', '2020-23', '202006', '20200601', '20200607');
INSERT INTO `dim_day` VALUES ('20200606', '2020-06-06', '2020', '06', '06', '星期六', 23, '20202', '2020-23', '202006', '20200601', '20200607');
INSERT INTO `dim_day` VALUES ('20200607', '2020-06-07', '2020', '06', '07', '星期日', 23, '20202', '2020-23', '202006', '20200608', '20200614');
INSERT INTO `dim_day` VALUES ('20200608', '2020-06-08', '2020', '06', '08', '星期一', 24, '20202', '2020-24', '202006', '20200608', '20200614');
INSERT INTO `dim_day` VALUES ('20200609', '2020-06-09', '2020', '06', '09', '星期二', 24, '20202', '2020-24', '202006', '20200608', '20200614');
INSERT INTO `dim_day` VALUES ('20200610', '2020-06-10', '2020', '06', '10', '星期三', 24, '20202', '2020-24', '202006', '20200608', '20200614');
INSERT INTO `dim_day` VALUES ('20200611', '2020-06-11', '2020', '06', '11', '星期四', 24, '20202', '2020-24', '202006', '20200608', '20200614');
INSERT INTO `dim_day` VALUES ('20200612', '2020-06-12', '2020', '06', '12', '星期五', 24, '20202', '2020-24', '202006', '20200608', '20200614');
INSERT INTO `dim_day` VALUES ('20200613', '2020-06-13', '2020', '06', '13', '星期六', 24, '20202', '2020-24', '202006', '20200608', '20200614');
INSERT INTO `dim_day` VALUES ('20200614', '2020-06-14', '2020', '06', '14', '星期日', 24, '20202', '2020-24', '202006', '20200615', '20200621');
INSERT INTO `dim_day` VALUES ('20200615', '2020-06-15', '2020', '06', '15', '星期一', 25, '20202', '2020-25', '202006', '20200615', '20200621');
INSERT INTO `dim_day` VALUES ('20200616', '2020-06-16', '2020', '06', '16', '星期二', 25, '20202', '2020-25', '202006', '20200615', '20200621');
INSERT INTO `dim_day` VALUES ('20200617', '2020-06-17', '2020', '06', '17', '星期三', 25, '20202', '2020-25', '202006', '20200615', '20200621');
INSERT INTO `dim_day` VALUES ('20200618', '2020-06-18', '2020', '06', '18', '星期四', 25, '20202', '2020-25', '202006', '20200615', '20200621');
INSERT INTO `dim_day` VALUES ('20200619', '2020-06-19', '2020', '06', '19', '星期五', 25, '20202', '2020-25', '202006', '20200615', '20200621');
INSERT INTO `dim_day` VALUES ('20200620', '2020-06-20', '2020', '06', '20', '星期六', 25, '20202', '2020-25', '202006', '20200615', '20200621');
INSERT INTO `dim_day` VALUES ('20200621', '2020-06-21', '2020', '06', '21', '星期日', 25, '20202', '2020-25', '202006', '20200622', '20200628');
INSERT INTO `dim_day` VALUES ('20200622', '2020-06-22', '2020', '06', '22', '星期一', 26, '20202', '2020-26', '202006', '20200622', '20200628');
INSERT INTO `dim_day` VALUES ('20200623', '2020-06-23', '2020', '06', '23', '星期二', 26, '20202', '2020-26', '202006', '20200622', '20200628');
INSERT INTO `dim_day` VALUES ('20200624', '2020-06-24', '2020', '06', '24', '星期三', 26, '20202', '2020-26', '202006', '20200622', '20200628');
INSERT INTO `dim_day` VALUES ('20200625', '2020-06-25', '2020', '06', '25', '星期四', 26, '20202', '2020-26', '202006', '20200622', '20200628');
INSERT INTO `dim_day` VALUES ('20200626', '2020-06-26', '2020', '06', '26', '星期五', 26, '20202', '2020-26', '202006', '20200622', '20200628');
INSERT INTO `dim_day` VALUES ('20200627', '2020-06-27', '2020', '06', '27', '星期六', 26, '20202', '2020-26', '202006', '20200622', '20200628');
INSERT INTO `dim_day` VALUES ('20200628', '2020-06-28', '2020', '06', '28', '星期日', 26, '20202', '2020-26', '202006', '20200629', '20200705');
INSERT INTO `dim_day` VALUES ('20200629', '2020-06-29', '2020', '06', '29', '星期一', 27, '20202', '2020-27', '202006', '20200629', '20200705');
INSERT INTO `dim_day` VALUES ('20200630', '2020-06-30', '2020', '06', '30', '星期二', 27, '20202', '2020-27', '202006', '20200629', '20200705');
INSERT INTO `dim_day` VALUES ('20200701', '2020-07-01', '2020', '07', '01', '星期三', 27, '20203', '2020-27', '202007', '20200629', '20200705');
INSERT INTO `dim_day` VALUES ('20200702', '2020-07-02', '2020', '07', '02', '星期四', 27, '20203', '2020-27', '202007', '20200629', '20200705');
INSERT INTO `dim_day` VALUES ('20200703', '2020-07-03', '2020', '07', '03', '星期五', 27, '20203', '2020-27', '202007', '20200629', '20200705');
INSERT INTO `dim_day` VALUES ('20200704', '2020-07-04', '2020', '07', '04', '星期六', 27, '20203', '2020-27', '202007', '20200629', '20200705');
INSERT INTO `dim_day` VALUES ('20200705', '2020-07-05', '2020', '07', '05', '星期日', 27, '20203', '2020-27', '202007', '20200706', '20200712');
INSERT INTO `dim_day` VALUES ('20200706', '2020-07-06', '2020', '07', '06', '星期一', 28, '20203', '2020-28', '202007', '20200706', '20200712');
INSERT INTO `dim_day` VALUES ('20200707', '2020-07-07', '2020', '07', '07', '星期二', 28, '20203', '2020-28', '202007', '20200706', '20200712');
INSERT INTO `dim_day` VALUES ('20200708', '2020-07-08', '2020', '07', '08', '星期三', 28, '20203', '2020-28', '202007', '20200706', '20200712');
INSERT INTO `dim_day` VALUES ('20200709', '2020-07-09', '2020', '07', '09', '星期四', 28, '20203', '2020-28', '202007', '20200706', '20200712');
INSERT INTO `dim_day` VALUES ('20200710', '2020-07-10', '2020', '07', '10', '星期五', 28, '20203', '2020-28', '202007', '20200706', '20200712');
INSERT INTO `dim_day` VALUES ('20200711', '2020-07-11', '2020', '07', '11', '星期六', 28, '20203', '2020-28', '202007', '20200706', '20200712');
INSERT INTO `dim_day` VALUES ('20200712', '2020-07-12', '2020', '07', '12', '星期日', 28, '20203', '2020-28', '202007', '20200713', '20200719');
INSERT INTO `dim_day` VALUES ('20200713', '2020-07-13', '2020', '07', '13', '星期一', 29, '20203', '2020-29', '202007', '20200713', '20200719');
INSERT INTO `dim_day` VALUES ('20200714', '2020-07-14', '2020', '07', '14', '星期二', 29, '20203', '2020-29', '202007', '20200713', '20200719');
INSERT INTO `dim_day` VALUES ('20200715', '2020-07-15', '2020', '07', '15', '星期三', 29, '20203', '2020-29', '202007', '20200713', '20200719');
INSERT INTO `dim_day` VALUES ('20200716', '2020-07-16', '2020', '07', '16', '星期四', 29, '20203', '2020-29', '202007', '20200713', '20200719');
INSERT INTO `dim_day` VALUES ('20200717', '2020-07-17', '2020', '07', '17', '星期五', 29, '20203', '2020-29', '202007', '20200713', '20200719');
INSERT INTO `dim_day` VALUES ('20200718', '2020-07-18', '2020', '07', '18', '星期六', 29, '20203', '2020-29', '202007', '20200713', '20200719');
INSERT INTO `dim_day` VALUES ('20200719', '2020-07-19', '2020', '07', '19', '星期日', 29, '20203', '2020-29', '202007', '20200720', '20200726');
INSERT INTO `dim_day` VALUES ('20200720', '2020-07-20', '2020', '07', '20', '星期一', 30, '20203', '2020-30', '202007', '20200720', '20200726');
INSERT INTO `dim_day` VALUES ('20200721', '2020-07-21', '2020', '07', '21', '星期二', 30, '20203', '2020-30', '202007', '20200720', '20200726');
INSERT INTO `dim_day` VALUES ('20200722', '2020-07-22', '2020', '07', '22', '星期三', 30, '20203', '2020-30', '202007', '20200720', '20200726');
INSERT INTO `dim_day` VALUES ('20200723', '2020-07-23', '2020', '07', '23', '星期四', 30, '20203', '2020-30', '202007', '20200720', '20200726');
INSERT INTO `dim_day` VALUES ('20200724', '2020-07-24', '2020', '07', '24', '星期五', 30, '20203', '2020-30', '202007', '20200720', '20200726');
INSERT INTO `dim_day` VALUES ('20200725', '2020-07-25', '2020', '07', '25', '星期六', 30, '20203', '2020-30', '202007', '20200720', '20200726');
INSERT INTO `dim_day` VALUES ('20200726', '2020-07-26', '2020', '07', '26', '星期日', 30, '20203', '2020-30', '202007', '20200727', '20200802');
INSERT INTO `dim_day` VALUES ('20200727', '2020-07-27', '2020', '07', '27', '星期一', 31, '20203', '2020-31', '202007', '20200727', '20200802');
INSERT INTO `dim_day` VALUES ('20200728', '2020-07-28', '2020', '07', '28', '星期二', 31, '20203', '2020-31', '202007', '20200727', '20200802');
INSERT INTO `dim_day` VALUES ('20200729', '2020-07-29', '2020', '07', '29', '星期三', 31, '20203', '2020-31', '202007', '20200727', '20200802');
INSERT INTO `dim_day` VALUES ('20200730', '2020-07-30', '2020', '07', '30', '星期四', 31, '20203', '2020-31', '202007', '20200727', '20200802');
INSERT INTO `dim_day` VALUES ('20200731', '2020-07-31', '2020', '07', '31', '星期五', 31, '20203', '2020-31', '202007', '20200727', '20200802');
INSERT INTO `dim_day` VALUES ('20200801', '2020-08-01', '2020', '08', '01', '星期六', 31, '20203', '2020-31', '202008', '20200727', '20200802');
INSERT INTO `dim_day` VALUES ('20200802', '2020-08-02', '2020', '08', '02', '星期日', 31, '20203', '2020-31', '202008', '20200803', '20200809');
INSERT INTO `dim_day` VALUES ('20200803', '2020-08-03', '2020', '08', '03', '星期一', 32, '20203', '2020-32', '202008', '20200803', '20200809');
INSERT INTO `dim_day` VALUES ('20200804', '2020-08-04', '2020', '08', '04', '星期二', 32, '20203', '2020-32', '202008', '20200803', '20200809');
INSERT INTO `dim_day` VALUES ('20200805', '2020-08-05', '2020', '08', '05', '星期三', 32, '20203', '2020-32', '202008', '20200803', '20200809');
INSERT INTO `dim_day` VALUES ('20200806', '2020-08-06', '2020', '08', '06', '星期四', 32, '20203', '2020-32', '202008', '20200803', '20200809');
INSERT INTO `dim_day` VALUES ('20200807', '2020-08-07', '2020', '08', '07', '星期五', 32, '20203', '2020-32', '202008', '20200803', '20200809');
INSERT INTO `dim_day` VALUES ('20200808', '2020-08-08', '2020', '08', '08', '星期六', 32, '20203', '2020-32', '202008', '20200803', '20200809');
INSERT INTO `dim_day` VALUES ('20200809', '2020-08-09', '2020', '08', '09', '星期日', 32, '20203', '2020-32', '202008', '20200810', '20200816');
INSERT INTO `dim_day` VALUES ('20200810', '2020-08-10', '2020', '08', '10', '星期一', 33, '20203', '2020-33', '202008', '20200810', '20200816');
INSERT INTO `dim_day` VALUES ('20200811', '2020-08-11', '2020', '08', '11', '星期二', 33, '20203', '2020-33', '202008', '20200810', '20200816');
INSERT INTO `dim_day` VALUES ('20200812', '2020-08-12', '2020', '08', '12', '星期三', 33, '20203', '2020-33', '202008', '20200810', '20200816');
INSERT INTO `dim_day` VALUES ('20200813', '2020-08-13', '2020', '08', '13', '星期四', 33, '20203', '2020-33', '202008', '20200810', '20200816');
INSERT INTO `dim_day` VALUES ('20200814', '2020-08-14', '2020', '08', '14', '星期五', 33, '20203', '2020-33', '202008', '20200810', '20200816');
INSERT INTO `dim_day` VALUES ('20200815', '2020-08-15', '2020', '08', '15', '星期六', 33, '20203', '2020-33', '202008', '20200810', '20200816');
INSERT INTO `dim_day` VALUES ('20200816', '2020-08-16', '2020', '08', '16', '星期日', 33, '20203', '2020-33', '202008', '20200817', '20200823');
INSERT INTO `dim_day` VALUES ('20200817', '2020-08-17', '2020', '08', '17', '星期一', 34, '20203', '2020-34', '202008', '20200817', '20200823');
INSERT INTO `dim_day` VALUES ('20200818', '2020-08-18', '2020', '08', '18', '星期二', 34, '20203', '2020-34', '202008', '20200817', '20200823');
INSERT INTO `dim_day` VALUES ('20200819', '2020-08-19', '2020', '08', '19', '星期三', 34, '20203', '2020-34', '202008', '20200817', '20200823');
INSERT INTO `dim_day` VALUES ('20200820', '2020-08-20', '2020', '08', '20', '星期四', 34, '20203', '2020-34', '202008', '20200817', '20200823');
INSERT INTO `dim_day` VALUES ('20200821', '2020-08-21', '2020', '08', '21', '星期五', 34, '20203', '2020-34', '202008', '20200817', '20200823');
INSERT INTO `dim_day` VALUES ('20200822', '2020-08-22', '2020', '08', '22', '星期六', 34, '20203', '2020-34', '202008', '20200817', '20200823');
INSERT INTO `dim_day` VALUES ('20200823', '2020-08-23', '2020', '08', '23', '星期日', 34, '20203', '2020-34', '202008', '20200824', '20200830');
INSERT INTO `dim_day` VALUES ('20200824', '2020-08-24', '2020', '08', '24', '星期一', 35, '20203', '2020-35', '202008', '20200824', '20200830');
INSERT INTO `dim_day` VALUES ('20200825', '2020-08-25', '2020', '08', '25', '星期二', 35, '20203', '2020-35', '202008', '20200824', '20200830');
INSERT INTO `dim_day` VALUES ('20200826', '2020-08-26', '2020', '08', '26', '星期三', 35, '20203', '2020-35', '202008', '20200824', '20200830');
INSERT INTO `dim_day` VALUES ('20200827', '2020-08-27', '2020', '08', '27', '星期四', 35, '20203', '2020-35', '202008', '20200824', '20200830');
INSERT INTO `dim_day` VALUES ('20200828', '2020-08-28', '2020', '08', '28', '星期五', 35, '20203', '2020-35', '202008', '20200824', '20200830');
INSERT INTO `dim_day` VALUES ('20200829', '2020-08-29', '2020', '08', '29', '星期六', 35, '20203', '2020-35', '202008', '20200824', '20200830');
INSERT INTO `dim_day` VALUES ('20200830', '2020-08-30', '2020', '08', '30', '星期日', 35, '20203', '2020-35', '202008', '20200831', '20200906');
INSERT INTO `dim_day` VALUES ('20200831', '2020-08-31', '2020', '08', '31', '星期一', 36, '20203', '2020-36', '202008', '20200831', '20200906');
INSERT INTO `dim_day` VALUES ('20200901', '2020-09-01', '2020', '09', '01', '星期二', 36, '20203', '2020-36', '202009', '20200831', '20200906');
INSERT INTO `dim_day` VALUES ('20200902', '2020-09-02', '2020', '09', '02', '星期三', 36, '20203', '2020-36', '202009', '20200831', '20200906');
INSERT INTO `dim_day` VALUES ('20200903', '2020-09-03', '2020', '09', '03', '星期四', 36, '20203', '2020-36', '202009', '20200831', '20200906');
INSERT INTO `dim_day` VALUES ('20200904', '2020-09-04', '2020', '09', '04', '星期五', 36, '20203', '2020-36', '202009', '20200831', '20200906');
INSERT INTO `dim_day` VALUES ('20200905', '2020-09-05', '2020', '09', '05', '星期六', 36, '20203', '2020-36', '202009', '20200831', '20200906');
INSERT INTO `dim_day` VALUES ('20200906', '2020-09-06', '2020', '09', '06', '星期日', 36, '20203', '2020-36', '202009', '20200907', '20200913');
INSERT INTO `dim_day` VALUES ('20200907', '2020-09-07', '2020', '09', '07', '星期一', 37, '20203', '2020-37', '202009', '20200907', '20200913');
INSERT INTO `dim_day` VALUES ('20200908', '2020-09-08', '2020', '09', '08', '星期二', 37, '20203', '2020-37', '202009', '20200907', '20200913');
INSERT INTO `dim_day` VALUES ('20200909', '2020-09-09', '2020', '09', '09', '星期三', 37, '20203', '2020-37', '202009', '20200907', '20200913');
INSERT INTO `dim_day` VALUES ('20200910', '2020-09-10', '2020', '09', '10', '星期四', 37, '20203', '2020-37', '202009', '20200907', '20200913');
INSERT INTO `dim_day` VALUES ('20200911', '2020-09-11', '2020', '09', '11', '星期五', 37, '20203', '2020-37', '202009', '20200907', '20200913');
INSERT INTO `dim_day` VALUES ('20200912', '2020-09-12', '2020', '09', '12', '星期六', 37, '20203', '2020-37', '202009', '20200907', '20200913');
INSERT INTO `dim_day` VALUES ('20200913', '2020-09-13', '2020', '09', '13', '星期日', 37, '20203', '2020-37', '202009', '20200914', '20200920');
INSERT INTO `dim_day` VALUES ('20200914', '2020-09-14', '2020', '09', '14', '星期一', 38, '20203', '2020-38', '202009', '20200914', '20200920');
INSERT INTO `dim_day` VALUES ('20200915', '2020-09-15', '2020', '09', '15', '星期二', 38, '20203', '2020-38', '202009', '20200914', '20200920');
INSERT INTO `dim_day` VALUES ('20200916', '2020-09-16', '2020', '09', '16', '星期三', 38, '20203', '2020-38', '202009', '20200914', '20200920');
INSERT INTO `dim_day` VALUES ('20200917', '2020-09-17', '2020', '09', '17', '星期四', 38, '20203', '2020-38', '202009', '20200914', '20200920');
INSERT INTO `dim_day` VALUES ('20200918', '2020-09-18', '2020', '09', '18', '星期五', 38, '20203', '2020-38', '202009', '20200914', '20200920');
INSERT INTO `dim_day` VALUES ('20200919', '2020-09-19', '2020', '09', '19', '星期六', 38, '20203', '2020-38', '202009', '20200914', '20200920');
INSERT INTO `dim_day` VALUES ('20200920', '2020-09-20', '2020', '09', '20', '星期日', 38, '20203', '2020-38', '202009', '20200921', '20200927');
INSERT INTO `dim_day` VALUES ('20200921', '2020-09-21', '2020', '09', '21', '星期一', 39, '20203', '2020-39', '202009', '20200921', '20200927');
INSERT INTO `dim_day` VALUES ('20200922', '2020-09-22', '2020', '09', '22', '星期二', 39, '20203', '2020-39', '202009', '20200921', '20200927');
INSERT INTO `dim_day` VALUES ('20200923', '2020-09-23', '2020', '09', '23', '星期三', 39, '20203', '2020-39', '202009', '20200921', '20200927');
INSERT INTO `dim_day` VALUES ('20200924', '2020-09-24', '2020', '09', '24', '星期四', 39, '20203', '2020-39', '202009', '20200921', '20200927');
INSERT INTO `dim_day` VALUES ('20200925', '2020-09-25', '2020', '09', '25', '星期五', 39, '20203', '2020-39', '202009', '20200921', '20200927');
INSERT INTO `dim_day` VALUES ('20200926', '2020-09-26', '2020', '09', '26', '星期六', 39, '20203', '2020-39', '202009', '20200921', '20200927');
INSERT INTO `dim_day` VALUES ('20200927', '2020-09-27', '2020', '09', '27', '星期日', 39, '20203', '2020-39', '202009', '20200928', '20201004');
INSERT INTO `dim_day` VALUES ('20200928', '2020-09-28', '2020', '09', '28', '星期一', 40, '20203', '2020-40', '202009', '20200928', '20201004');
INSERT INTO `dim_day` VALUES ('20200929', '2020-09-29', '2020', '09', '29', '星期二', 40, '20203', '2020-40', '202009', '20200928', '20201004');
INSERT INTO `dim_day` VALUES ('20200930', '2020-09-30', '2020', '09', '30', '星期三', 40, '20203', '2020-40', '202009', '20200928', '20201004');
INSERT INTO `dim_day` VALUES ('20201001', '2020-10-01', '2020', '10', '01', '星期四', 40, '20204', '2020-40', '202010', '20200928', '20201004');
INSERT INTO `dim_day` VALUES ('20201002', '2020-10-02', '2020', '10', '02', '星期五', 40, '20204', '2020-40', '202010', '20200928', '20201004');
INSERT INTO `dim_day` VALUES ('20201003', '2020-10-03', '2020', '10', '03', '星期六', 40, '20204', '2020-40', '202010', '20200928', '20201004');
INSERT INTO `dim_day` VALUES ('20201004', '2020-10-04', '2020', '10', '04', '星期日', 40, '20204', '2020-40', '202010', '20201005', '20201011');
INSERT INTO `dim_day` VALUES ('20201005', '2020-10-05', '2020', '10', '05', '星期一', 41, '20204', '2020-41', '202010', '20201005', '20201011');
INSERT INTO `dim_day` VALUES ('20201006', '2020-10-06', '2020', '10', '06', '星期二', 41, '20204', '2020-41', '202010', '20201005', '20201011');
INSERT INTO `dim_day` VALUES ('20201007', '2020-10-07', '2020', '10', '07', '星期三', 41, '20204', '2020-41', '202010', '20201005', '20201011');
INSERT INTO `dim_day` VALUES ('20201008', '2020-10-08', '2020', '10', '08', '星期四', 41, '20204', '2020-41', '202010', '20201005', '20201011');
INSERT INTO `dim_day` VALUES ('20201009', '2020-10-09', '2020', '10', '09', '星期五', 41, '20204', '2020-41', '202010', '20201005', '20201011');
INSERT INTO `dim_day` VALUES ('20201010', '2020-10-10', '2020', '10', '10', '星期六', 41, '20204', '2020-41', '202010', '20201005', '20201011');
INSERT INTO `dim_day` VALUES ('20201011', '2020-10-11', '2020', '10', '11', '星期日', 41, '20204', '2020-41', '202010', '20201012', '20201018');
INSERT INTO `dim_day` VALUES ('20201012', '2020-10-12', '2020', '10', '12', '星期一', 42, '20204', '2020-42', '202010', '20201012', '20201018');
INSERT INTO `dim_day` VALUES ('20201013', '2020-10-13', '2020', '10', '13', '星期二', 42, '20204', '2020-42', '202010', '20201012', '20201018');
INSERT INTO `dim_day` VALUES ('20201014', '2020-10-14', '2020', '10', '14', '星期三', 42, '20204', '2020-42', '202010', '20201012', '20201018');
INSERT INTO `dim_day` VALUES ('20201015', '2020-10-15', '2020', '10', '15', '星期四', 42, '20204', '2020-42', '202010', '20201012', '20201018');
INSERT INTO `dim_day` VALUES ('20201016', '2020-10-16', '2020', '10', '16', '星期五', 42, '20204', '2020-42', '202010', '20201012', '20201018');
INSERT INTO `dim_day` VALUES ('20201017', '2020-10-17', '2020', '10', '17', '星期六', 42, '20204', '2020-42', '202010', '20201012', '20201018');
INSERT INTO `dim_day` VALUES ('20201018', '2020-10-18', '2020', '10', '18', '星期日', 42, '20204', '2020-42', '202010', '20201019', '20201025');
INSERT INTO `dim_day` VALUES ('20201019', '2020-10-19', '2020', '10', '19', '星期一', 43, '20204', '2020-43', '202010', '20201019', '20201025');
INSERT INTO `dim_day` VALUES ('20201020', '2020-10-20', '2020', '10', '20', '星期二', 43, '20204', '2020-43', '202010', '20201019', '20201025');
INSERT INTO `dim_day` VALUES ('20201021', '2020-10-21', '2020', '10', '21', '星期三', 43, '20204', '2020-43', '202010', '20201019', '20201025');
INSERT INTO `dim_day` VALUES ('20201022', '2020-10-22', '2020', '10', '22', '星期四', 43, '20204', '2020-43', '202010', '20201019', '20201025');
INSERT INTO `dim_day` VALUES ('20201023', '2020-10-23', '2020', '10', '23', '星期五', 43, '20204', '2020-43', '202010', '20201019', '20201025');
INSERT INTO `dim_day` VALUES ('20201024', '2020-10-24', '2020', '10', '24', '星期六', 43, '20204', '2020-43', '202010', '20201019', '20201025');
INSERT INTO `dim_day` VALUES ('20201025', '2020-10-25', '2020', '10', '25', '星期日', 43, '20204', '2020-43', '202010', '20201026', '20201101');
INSERT INTO `dim_day` VALUES ('20201026', '2020-10-26', '2020', '10', '26', '星期一', 44, '20204', '2020-44', '202010', '20201026', '20201101');
INSERT INTO `dim_day` VALUES ('20201027', '2020-10-27', '2020', '10', '27', '星期二', 44, '20204', '2020-44', '202010', '20201026', '20201101');
INSERT INTO `dim_day` VALUES ('20201028', '2020-10-28', '2020', '10', '28', '星期三', 44, '20204', '2020-44', '202010', '20201026', '20201101');
INSERT INTO `dim_day` VALUES ('20201029', '2020-10-29', '2020', '10', '29', '星期四', 44, '20204', '2020-44', '202010', '20201026', '20201101');
INSERT INTO `dim_day` VALUES ('20201030', '2020-10-30', '2020', '10', '30', '星期五', 44, '20204', '2020-44', '202010', '20201026', '20201101');
INSERT INTO `dim_day` VALUES ('20201031', '2020-10-31', '2020', '10', '31', '星期六', 44, '20204', '2020-44', '202010', '20201026', '20201101');
INSERT INTO `dim_day` VALUES ('20201101', '2020-11-01', '2020', '11', '01', '星期日', 44, '20204', '2020-44', '202011', '20201102', '20201108');
INSERT INTO `dim_day` VALUES ('20201102', '2020-11-02', '2020', '11', '02', '星期一', 45, '20204', '2020-45', '202011', '20201102', '20201108');
INSERT INTO `dim_day` VALUES ('20201103', '2020-11-03', '2020', '11', '03', '星期二', 45, '20204', '2020-45', '202011', '20201102', '20201108');
INSERT INTO `dim_day` VALUES ('20201104', '2020-11-04', '2020', '11', '04', '星期三', 45, '20204', '2020-45', '202011', '20201102', '20201108');
INSERT INTO `dim_day` VALUES ('20201105', '2020-11-05', '2020', '11', '05', '星期四', 45, '20204', '2020-45', '202011', '20201102', '20201108');
INSERT INTO `dim_day` VALUES ('20201106', '2020-11-06', '2020', '11', '06', '星期五', 45, '20204', '2020-45', '202011', '20201102', '20201108');
INSERT INTO `dim_day` VALUES ('20201107', '2020-11-07', '2020', '11', '07', '星期六', 45, '20204', '2020-45', '202011', '20201102', '20201108');
INSERT INTO `dim_day` VALUES ('20201108', '2020-11-08', '2020', '11', '08', '星期日', 45, '20204', '2020-45', '202011', '20201109', '20201115');
INSERT INTO `dim_day` VALUES ('20201109', '2020-11-09', '2020', '11', '09', '星期一', 46, '20204', '2020-46', '202011', '20201109', '20201115');
INSERT INTO `dim_day` VALUES ('20201110', '2020-11-10', '2020', '11', '10', '星期二', 46, '20204', '2020-46', '202011', '20201109', '20201115');
INSERT INTO `dim_day` VALUES ('20201111', '2020-11-11', '2020', '11', '11', '星期三', 46, '20204', '2020-46', '202011', '20201109', '20201115');
INSERT INTO `dim_day` VALUES ('20201112', '2020-11-12', '2020', '11', '12', '星期四', 46, '20204', '2020-46', '202011', '20201109', '20201115');
INSERT INTO `dim_day` VALUES ('20201113', '2020-11-13', '2020', '11', '13', '星期五', 46, '20204', '2020-46', '202011', '20201109', '20201115');
INSERT INTO `dim_day` VALUES ('20201114', '2020-11-14', '2020', '11', '14', '星期六', 46, '20204', '2020-46', '202011', '20201109', '20201115');
INSERT INTO `dim_day` VALUES ('20201115', '2020-11-15', '2020', '11', '15', '星期日', 46, '20204', '2020-46', '202011', '20201116', '20201122');
INSERT INTO `dim_day` VALUES ('20201116', '2020-11-16', '2020', '11', '16', '星期一', 47, '20204', '2020-47', '202011', '20201116', '20201122');
INSERT INTO `dim_day` VALUES ('20201117', '2020-11-17', '2020', '11', '17', '星期二', 47, '20204', '2020-47', '202011', '20201116', '20201122');
INSERT INTO `dim_day` VALUES ('20201118', '2020-11-18', '2020', '11', '18', '星期三', 47, '20204', '2020-47', '202011', '20201116', '20201122');
INSERT INTO `dim_day` VALUES ('20201119', '2020-11-19', '2020', '11', '19', '星期四', 47, '20204', '2020-47', '202011', '20201116', '20201122');
INSERT INTO `dim_day` VALUES ('20201120', '2020-11-20', '2020', '11', '20', '星期五', 47, '20204', '2020-47', '202011', '20201116', '20201122');
INSERT INTO `dim_day` VALUES ('20201121', '2020-11-21', '2020', '11', '21', '星期六', 47, '20204', '2020-47', '202011', '20201116', '20201122');
INSERT INTO `dim_day` VALUES ('20201122', '2020-11-22', '2020', '11', '22', '星期日', 47, '20204', '2020-47', '202011', '20201123', '20201129');
INSERT INTO `dim_day` VALUES ('20201123', '2020-11-23', '2020', '11', '23', '星期一', 48, '20204', '2020-48', '202011', '20201123', '20201129');
INSERT INTO `dim_day` VALUES ('20201124', '2020-11-24', '2020', '11', '24', '星期二', 48, '20204', '2020-48', '202011', '20201123', '20201129');
INSERT INTO `dim_day` VALUES ('20201125', '2020-11-25', '2020', '11', '25', '星期三', 48, '20204', '2020-48', '202011', '20201123', '20201129');
INSERT INTO `dim_day` VALUES ('20201126', '2020-11-26', '2020', '11', '26', '星期四', 48, '20204', '2020-48', '202011', '20201123', '20201129');
INSERT INTO `dim_day` VALUES ('20201127', '2020-11-27', '2020', '11', '27', '星期五', 48, '20204', '2020-48', '202011', '20201123', '20201129');
INSERT INTO `dim_day` VALUES ('20201128', '2020-11-28', '2020', '11', '28', '星期六', 48, '20204', '2020-48', '202011', '20201123', '20201129');
INSERT INTO `dim_day` VALUES ('20201129', '2020-11-29', '2020', '11', '29', '星期日', 48, '20204', '2020-48', '202011', '20201130', '20201206');
INSERT INTO `dim_day` VALUES ('20201130', '2020-11-30', '2020', '11', '30', '星期一', 49, '20204', '2020-49', '202011', '20201130', '20201206');
INSERT INTO `dim_day` VALUES ('20201201', '2020-12-01', '2020', '12', '01', '星期二', 49, '20204', '2020-49', '202012', '20201130', '20201206');
INSERT INTO `dim_day` VALUES ('20201202', '2020-12-02', '2020', '12', '02', '星期三', 49, '20204', '2020-49', '202012', '20201130', '20201206');
INSERT INTO `dim_day` VALUES ('20201203', '2020-12-03', '2020', '12', '03', '星期四', 49, '20204', '2020-49', '202012', '20201130', '20201206');
INSERT INTO `dim_day` VALUES ('20201204', '2020-12-04', '2020', '12', '04', '星期五', 49, '20204', '2020-49', '202012', '20201130', '20201206');
INSERT INTO `dim_day` VALUES ('20201205', '2020-12-05', '2020', '12', '05', '星期六', 49, '20204', '2020-49', '202012', '20201130', '20201206');
INSERT INTO `dim_day` VALUES ('20201206', '2020-12-06', '2020', '12', '06', '星期日', 49, '20204', '2020-49', '202012', '20201207', '20201213');
INSERT INTO `dim_day` VALUES ('20201207', '2020-12-07', '2020', '12', '07', '星期一', 50, '20204', '2020-50', '202012', '20201207', '20201213');
INSERT INTO `dim_day` VALUES ('20201208', '2020-12-08', '2020', '12', '08', '星期二', 50, '20204', '2020-50', '202012', '20201207', '20201213');
INSERT INTO `dim_day` VALUES ('20201209', '2020-12-09', '2020', '12', '09', '星期三', 50, '20204', '2020-50', '202012', '20201207', '20201213');
INSERT INTO `dim_day` VALUES ('20201210', '2020-12-10', '2020', '12', '10', '星期四', 50, '20204', '2020-50', '202012', '20201207', '20201213');
INSERT INTO `dim_day` VALUES ('20201211', '2020-12-11', '2020', '12', '11', '星期五', 50, '20204', '2020-50', '202012', '20201207', '20201213');
INSERT INTO `dim_day` VALUES ('20201212', '2020-12-12', '2020', '12', '12', '星期六', 50, '20204', '2020-50', '202012', '20201207', '20201213');
INSERT INTO `dim_day` VALUES ('20201213', '2020-12-13', '2020', '12', '13', '星期日', 50, '20204', '2020-50', '202012', '20201214', '20201220');
INSERT INTO `dim_day` VALUES ('20201214', '2020-12-14', '2020', '12', '14', '星期一', 51, '20204', '2020-51', '202012', '20201214', '20201220');
INSERT INTO `dim_day` VALUES ('20201215', '2020-12-15', '2020', '12', '15', '星期二', 51, '20204', '2020-51', '202012', '20201214', '20201220');
INSERT INTO `dim_day` VALUES ('20201216', '2020-12-16', '2020', '12', '16', '星期三', 51, '20204', '2020-51', '202012', '20201214', '20201220');
INSERT INTO `dim_day` VALUES ('20201217', '2020-12-17', '2020', '12', '17', '星期四', 51, '20204', '2020-51', '202012', '20201214', '20201220');
INSERT INTO `dim_day` VALUES ('20201218', '2020-12-18', '2020', '12', '18', '星期五', 51, '20204', '2020-51', '202012', '20201214', '20201220');
INSERT INTO `dim_day` VALUES ('20201219', '2020-12-19', '2020', '12', '19', '星期六', 51, '20204', '2020-51', '202012', '20201214', '20201220');
INSERT INTO `dim_day` VALUES ('20201220', '2020-12-20', '2020', '12', '20', '星期日', 51, '20204', '2020-51', '202012', '20201221', '20201227');
INSERT INTO `dim_day` VALUES ('20201221', '2020-12-21', '2020', '12', '21', '星期一', 52, '20204', '2020-52', '202012', '20201221', '20201227');
INSERT INTO `dim_day` VALUES ('20201222', '2020-12-22', '2020', '12', '22', '星期二', 52, '20204', '2020-52', '202012', '20201221', '20201227');
INSERT INTO `dim_day` VALUES ('20201223', '2020-12-23', '2020', '12', '23', '星期三', 52, '20204', '2020-52', '202012', '20201221', '20201227');
INSERT INTO `dim_day` VALUES ('20201224', '2020-12-24', '2020', '12', '24', '星期四', 52, '20204', '2020-52', '202012', '20201221', '20201227');
INSERT INTO `dim_day` VALUES ('20201225', '2020-12-25', '2020', '12', '25', '星期五', 52, '20204', '2020-52', '202012', '20201221', '20201227');
INSERT INTO `dim_day` VALUES ('20201226', '2020-12-26', '2020', '12', '26', '星期六', 52, '20204', '2020-52', '202012', '20201221', '20201227');
INSERT INTO `dim_day` VALUES ('20201227', '2020-12-27', '2020', '12', '27', '星期日', 52, '20204', '2020-52', '202012', '20201228', '20210103');
INSERT INTO `dim_day` VALUES ('20201228', '2020-12-28', '2020', '12', '28', '星期一', 53, '20204', '2020-53', '202012', '20201228', '20210103');
INSERT INTO `dim_day` VALUES ('20201229', '2020-12-29', '2020', '12', '29', '星期二', 53, '20204', '2020-53', '202012', '20201228', '20210103');
INSERT INTO `dim_day` VALUES ('20201230', '2020-12-30', '2020', '12', '30', '星期三', 53, '20204', '2020-53', '202012', '20201228', '20210103');
INSERT INTO `dim_day` VALUES ('20201231', '2020-12-31', '2020', '12', '31', '星期四', 53, '20204', '2020-53', '202012', '20201228', '20210103');

-- ----------------------------
-- Table structure for item
-- ----------------------------
DROP TABLE IF EXISTS `item`;
CREATE TABLE `item`  (
  `id` int(11) NOT NULL AUTO_INCREMENT,
  `title` varchar(64) CHARACTER SET utf8 COLLATE utf8_general_ci NOT NULL DEFAULT '',
  `price` double(10, 0) NOT NULL DEFAULT 0,
  `description` varchar(500) CHARACTER SET utf8 COLLATE utf8_general_ci NOT NULL DEFAULT '',
  `sales` int(11) NOT NULL DEFAULT 0,
  `img_url` varchar(1000) CHARACTER SET utf8 COLLATE utf8_general_ci NOT NULL DEFAULT '' COMMENT '商品主图',
  `type_id` int(11) NOT NULL DEFAULT 0,
  PRIMARY KEY (`id`) USING BTREE
) ENGINE = InnoDB AUTO_INCREMENT = 32 CHARACTER SET = utf8 COLLATE = utf8_general_ci ROW_FORMAT = Dynamic;

-- ----------------------------
-- Records of item
-- ----------------------------
INSERT INTO `item` VALUES (21, '收银员', 101, '有具体要求2', 7, 'http://image.baidu.com/search/detail?ct=503316480%26z=undefined%26tn=baiduimagedetail%26ipn=d%26word=%E5%9B%BE%E7%89%87%26step_word=%26ie=utf-8%26in=%26cl=2%26lm=-1%26st=undefined%26hd=undefined%26latest=undefined%26copyright=undefined%26cs=3209370120,2008812818%26os=2426017583,3484836461%26simid=3449127142,365241929%26pn=20%26rn=1%26di=226050%26ln=1664%26fr=%26fmq=1580713967186_R%26fm=%26ic=undefined%26s=undefined%26se=%26sme=%26tab=0%26width=undefined%26height=undefined%26face=undefined%26is=0,0%26istype=0%26ist=%26jit=%26bdtype=0%26spn=0%26pi=0%26gsm=0%26objurl=http%3A%2F%2Fi1.sinaimg.cn%2Fent%2Fd%2F2008-06-04%2FU105P28T3D2048907F326DT20080604225106.jpg%26rpstart=0%26rpnum=0%26adpicid=0%26force=undefined', 3);
INSERT INTO `item` VALUES (23, '售货员', 88, '无具体要求', 13, 'http://image.baidu.com/search/detail?ct=503316480&z=undefined&tn=baiduimagedetail&ipn=d&word=图片&step_word=&ie=utf-8&in=&cl=2&lm=-1&st=undefined&hd=undefined&latest=undefined&copyright=undefined&cs=3209370120,2008812818&os=2426017583,3484836461&simid=3449127142,365241929&pn=20&rn=1&di=226050&ln=1664&fr=&fmq=1580713967186_R&fm=&ic=undefined&s=undefined&se=&sme=&tab=0&width=undefined&height=undefined&face=undefined&is=0,0&istype=0&ist=&jit=&bdtype=0&spn=0&pi=0&gsm=0&objurl=http://i1.sinaimg.cn/ent/d/2008-06-04/U105P28T3D2048907F326DT20080604225106.jpg&rpstart=0&rpnum=0&adpicid=0&force=undefined', 3);
INSERT INTO `item` VALUES (25, '厨师', 100, '2020年2月8日', 2, 'http://image.baidu.com/search/detail?ct=503316480&z=undefined&tn=baiduimagedetail&ipn=d&word=图片&step_word=&ie=utf-8&in=&cl=2&lm=-1&st=undefined&hd=undefined&latest=undefined&copyright=undefined&cs=3209370120,2008812818&os=2426017583,3484836461&simid=3449127142,365241929&pn=20&rn=1&di=226050&ln=1664&fr=&fmq=1580713967186_R&fm=&ic=undefined&s=undefined&se=&sme=&tab=0&width=undefined&height=undefined&face=undefined&is=0,0&istype=0&ist=&jit=&bdtype=0&spn=0&pi=0&gsm=0&objurl=http://i1.sinaimg.cn/ent/d/2008-06-04/U105P28T3D2048907F326DT20080604225106.jpg&rpstart=0&rpnum=0&adpicid=0&force=undefined', 3);
INSERT INTO `item` VALUES (27, '经理', 100, '2020年2月9日', 0, 'http://image.baidu.com/search/detail?ct=503316480&z=undefined&tn=baiduimagedetail&ipn=d&word=图片&step_word=&ie=utf-8&in=&cl=2&lm=-1&st=undefined&hd=undefined&latest=undefined&copyright=undefined&cs=3209370120,2008812818&os=2426017583,3484836461&simid=3449127142,365241929&pn=20&rn=1&di=226050&ln=1664&fr=&fmq=1580713967186_R&fm=&ic=undefined&s=undefined&se=&sme=&tab=0&width=undefined&height=undefined&face=undefined&is=0,0&istype=0&ist=&jit=&bdtype=0&spn=0&pi=0&gsm=0&objurl=http://i1.sinaimg.cn/ent/d/2008-06-04/U105P28T3D2048907F326DT20080604225106.jpg&rpstart=0&rpnum=0&adpicid=0&force=undefined', 3);
INSERT INTO `item` VALUES (28, '经理', 100, '2020年2月27日', 0, 'http://image.baidu.com/search/detail?ct=503316480&z=undefined&tn=baiduimagedetail&ipn=d&word=图片&step_word=&ie=utf-8&in=&cl=2&lm=-1&st=undefined&hd=undefined&latest=undefined&copyright=undefined&cs=3209370120,2008812818&os=2426017583,3484836461&simid=3449127142,365241929&pn=20&rn=1&di=226050&ln=1664&fr=&fmq=1580713967186_R&fm=&ic=undefined&s=undefined&se=&sme=&tab=0&width=undefined&height=undefined&face=undefined&is=0,0&istype=0&ist=&jit=&bdtype=0&spn=0&pi=0&gsm=0&objurl=http://i1.sinaimg.cn/ent/d/2008-06-04/U105P28T3D2048907F326DT20080604225106.jpg&rpstart=0&rpnum=0&adpicid=0&force=undefined', 3);
INSERT INTO `item` VALUES (29, '总经理', 100, '2020年2月9日', 0, 'http://image.baidu.com/search/detail?ct=503316480&z=undefined&tn=baiduimagedetail&ipn=d&word=图片&step_word=&ie=utf-8&in=&cl=2&lm=-1&st=undefined&hd=undefined&latest=undefined&copyright=undefined&cs=3209370120,2008812818&os=2426017583,3484836461&simid=3449127142,365241929&pn=20&rn=1&di=226050&ln=1664&fr=&fmq=1580713967186_R&fm=&ic=undefined&s=undefined&se=&sme=&tab=0&width=undefined&height=undefined&face=undefined&is=0,0&istype=0&ist=&jit=&bdtype=0&spn=0&pi=0&gsm=0&objurl=http://i1.sinaimg.cn/ent/d/2008-06-04/U105P28T3D2048907F326DT20080604225106.jpg&rpstart=0&rpnum=0&adpicid=0&force=undefined', 3);
INSERT INTO `item` VALUES (30, '总经理助理', 100, '2020年2月9日', 0, 'http://image.baidu.com/search/detail?ct=503316480&z=undefined&tn=baiduimagedetail&ipn=d&word=图片&step_word=&ie=utf-8&in=&cl=2&lm=-1&st=undefined&hd=undefined&latest=undefined&copyright=undefined&cs=3209370120,2008812818&os=2426017583,3484836461&simid=3449127142,365241929&pn=20&rn=1&di=226050&ln=1664&fr=&fmq=1580713967186_R&fm=&ic=undefined&s=undefined&se=&sme=&tab=0&width=undefined&height=undefined&face=undefined&is=0,0&istype=0&ist=&jit=&bdtype=0&spn=0&pi=0&gsm=0&objurl=http://i1.sinaimg.cn/ent/d/2008-06-04/U105P28T3D2048907F326DT20080604225106.jpg&rpstart=0&rpnum=0&adpicid=0&force=undefined', 3);
INSERT INTO `item` VALUES (31, '教学指导', 100, '2020年2月9日', 1, 'http://image.baidu.com/search/detail?ct=503316480&z=undefined&tn=baiduimagedetail&ipn=d&word=图片&step_word=&ie=utf-8&in=&cl=2&lm=-1&st=undefined&hd=undefined&latest=undefined&copyright=undefined&cs=3209370120,2008812818&os=2426017583,3484836461&simid=3449127142,365241929&pn=20&rn=1&di=226050&ln=1664&fr=&fmq=1580713967186_R&fm=&ic=undefined&s=undefined&se=&sme=&tab=0&width=undefined&height=undefined&face=undefined&is=0,0&istype=0&ist=&jit=&bdtype=0&spn=0&pi=0&gsm=0&objurl=http://i1.sinaimg.cn/ent/d/2008-06-04/U105P28T3D2048907F326DT20080604225106.jpg&rpstart=0&rpnum=0&adpicid=0&force=undefined', 3);

-- ----------------------------
-- Table structure for item_comment
-- ----------------------------
DROP TABLE IF EXISTS `item_comment`;
CREATE TABLE `item_comment`  (
  `id` int(11) NOT NULL AUTO_INCREMENT,
  `item_id` int(11) NOT NULL,
  `user_id` int(11) NOT NULL,
  `com_img` varchar(100) CHARACTER SET utf8 COLLATE utf8_unicode_ci NOT NULL COMMENT '评论图片',
  `content` text CHARACTER SET utf8 COLLATE utf8_unicode_ci NOT NULL COMMENT '评论内容',
  `grade` int(11) NOT NULL COMMENT '评分',
  `time` date NULL DEFAULT NULL COMMENT '评论时间',
  PRIMARY KEY (`id`) USING BTREE
) ENGINE = InnoDB AUTO_INCREMENT = 4 CHARACTER SET = utf8 COLLATE = utf8_unicode_ci ROW_FORMAT = Dynamic;

-- ----------------------------
-- Records of item_comment
-- ----------------------------
INSERT INTO `item_comment` VALUES (1, 25, 10, '1/1/2.img', '不错', 4, '2020-02-22');
INSERT INTO `item_comment` VALUES (2, 25, 10, '1/1/1.img', '还行', 4, '2020-03-01');
INSERT INTO `item_comment` VALUES (3, 23, 10, '1/1/3.img', '还可以', 3, '2020-02-09');

-- ----------------------------
-- Table structure for item_img
-- ----------------------------
DROP TABLE IF EXISTS `item_img`;
CREATE TABLE `item_img`  (
  `id` int(11) NOT NULL AUTO_INCREMENT,
  `item_id` int(11) NOT NULL,
  `img` varchar(1000) CHARACTER SET utf8 COLLATE utf8_unicode_ci NOT NULL COMMENT '用“；”分割每一个url',
  PRIMARY KEY (`id`) USING BTREE
) ENGINE = InnoDB AUTO_INCREMENT = 10 CHARACTER SET = utf8 COLLATE = utf8_unicode_ci ROW_FORMAT = Dynamic;

-- ----------------------------
-- Records of item_img
-- ----------------------------
INSERT INTO `item_img` VALUES (3, 25, 'http://image.baidu.com/search/detail?ct=503316480&z=undefined&tn=baiduimagedetail&ipn=d&word=图片&step_word=&ie=utf-8&in=&cl=2&lm=-1&st=undefined&hd=undefined&latest=undefined&copyright=undefined&cs=3209370120,2008812818&os=2426017583,3484836461&simid=3449127142,365241929&pn=20&rn=1&di=226050&ln=1664&fr=&fmq=1580713967186_R&fm=&ic=undefined&s=undefined&se=&sme=&tab=0&width=undefined&height=undefined&face=undefined&is=0,0&istype=0&ist=&jit=&bdtype=0&spn=0&pi=0&gsm=0&objurl=http://i1.sinaimg.cn/ent/d/2008-06-04/U105P28T3D2048907F326DT20080604225106.jpg&rpstart=0&rpnum=0&adpicid=0&force=undefined');
INSERT INTO `item_img` VALUES (5, 27, 'http://image.baidu.com/search/detail?ct=503316480&z=undefined&tn=baiduimagedetail&ipn=d&word=图片&step_word=&ie=utf-8&in=&cl=2&lm=-1&st=undefined&hd=undefined&latest=undefined&copyright=undefined&cs=3209370120,2008812818&os=2426017583,3484836461&simid=3449127142,365241929&pn=20&rn=1&di=226050&ln=1664&fr=&fmq=1580713967186_R&fm=&ic=undefined&s=undefined&se=&sme=&tab=0&width=undefined&height=undefined&face=undefined&is=0,0&istype=0&ist=&jit=&bdtype=0&spn=0&pi=0&gsm=0&objurl=http://i1.sinaimg.cn/ent/d/2008-06-04/U105P28T3D2048907F326DT20080604225106.jpg&rpstart=0&rpnum=0&adpicid=0&force=undefined');
INSERT INTO `item_img` VALUES (6, 28, 'http://image.baidu.com/search/detail?ct=503316480&z=undefined&tn=baiduimagedetail&ipn=d&word=图片&step_word=&ie=utf-8&in=&cl=2&lm=-1&st=undefined&hd=undefined&latest=undefined&copyright=undefined&cs=3209370120,2008812818&os=2426017583,3484836461&simid=3449127142,365241929&pn=20&rn=1&di=226050&ln=1664&fr=&fmq=1580713967186_R&fm=&ic=undefined&s=undefined&se=&sme=&tab=0&width=undefined&height=undefined&face=undefined&is=0,0&istype=0&ist=&jit=&bdtype=0&spn=0&pi=0&gsm=0&objurl=http://i1.sinaimg.cn/ent/d/2008-06-04/U105P28T3D2048907F326DT20080604225106.jpg&rpstart=0&rpnum=0&adpicid=0&force=undefined');
INSERT INTO `item_img` VALUES (7, 29, 'http://image.baidu.com/search/detail?ct=503316480&z=undefined&tn=baiduimagedetail&ipn=d&word=图片&step_word=&ie=utf-8&in=&cl=2&lm=-1&st=undefined&hd=undefined&latest=undefined&copyright=undefined&cs=3209370120,2008812818&os=2426017583,3484836461&simid=3449127142,365241929&pn=20&rn=1&di=226050&ln=1664&fr=&fmq=1580713967186_R&fm=&ic=undefined&s=undefined&se=&sme=&tab=0&width=undefined&height=undefined&face=undefined&is=0,0&istype=0&ist=&jit=&bdtype=0&spn=0&pi=0&gsm=0&objurl=http://i1.sinaimg.cn/ent/d/2008-06-04/U105P28T3D2048907F326DT20080604225106.jpg&rpstart=0&rpnum=0&adpicid=0&force=undefined');
INSERT INTO `item_img` VALUES (8, 30, 'http://image.baidu.com/search/detail?ct=503316480&z=undefined&tn=baiduimagedetail&ipn=d&word=图片&step_word=&ie=utf-8&in=&cl=2&lm=-1&st=undefined&hd=undefined&latest=undefined&copyright=undefined&cs=3209370120,2008812818&os=2426017583,3484836461&simid=3449127142,365241929&pn=20&rn=1&di=226050&ln=1664&fr=&fmq=1580713967186_R&fm=&ic=undefined&s=undefined&se=&sme=&tab=0&width=undefined&height=undefined&face=undefined&is=0,0&istype=0&ist=&jit=&bdtype=0&spn=0&pi=0&gsm=0&objurl=http://i1.sinaimg.cn/ent/d/2008-06-04/U105P28T3D2048907F326DT20080604225106.jpg&rpstart=0&rpnum=0&adpicid=0&force=undefined');
INSERT INTO `item_img` VALUES (9, 31, 'http://image.baidu.com/search/detail?ct=503316480&z=undefined&tn=baiduimagedetail&ipn=d&word=图片&step_word=&ie=utf-8&in=&cl=2&lm=-1&st=undefined&hd=undefined&latest=undefined&copyright=undefined&cs=3209370120,2008812818&os=2426017583,3484836461&simid=3449127142,365241929&pn=20&rn=1&di=226050&ln=1664&fr=&fmq=1580713967186_R&fm=&ic=undefined&s=undefined&se=&sme=&tab=0&width=undefined&height=undefined&face=undefined&is=0,0&istype=0&ist=&jit=&bdtype=0&spn=0&pi=0&gsm=0&objurl=http://i1.sinaimg.cn/ent/d/2008-06-04/U105P28T3D2048907F326DT20080604225106.jpg&rpstart=0&rpnum=0&adpicid=0&force=undefined');

-- ----------------------------
-- Table structure for item_stock
-- ----------------------------
DROP TABLE IF EXISTS `item_stock`;
CREATE TABLE `item_stock`  (
  `id` int(11) NOT NULL AUTO_INCREMENT,
  `stock` int(11) NOT NULL DEFAULT 0,
  `item_id` int(11) NOT NULL DEFAULT 0,
  PRIMARY KEY (`id`) USING BTREE
) ENGINE = InnoDB AUTO_INCREMENT = 31 CHARACTER SET = utf8 COLLATE = utf8_general_ci ROW_FORMAT = Dynamic;

-- ----------------------------
-- Records of item_stock
-- ----------------------------
INSERT INTO `item_stock` VALUES (20, 15, 21);
INSERT INTO `item_stock` VALUES (22, 87, 23);
INSERT INTO `item_stock` VALUES (24, 3, 25);
INSERT INTO `item_stock` VALUES (26, 10, 27);
INSERT INTO `item_stock` VALUES (27, 10, 28);
INSERT INTO `item_stock` VALUES (28, 10, 29);
INSERT INTO `item_stock` VALUES (29, 10, 30);
INSERT INTO `item_stock` VALUES (30, 9, 31);

-- ----------------------------
-- Table structure for item_type
-- ----------------------------
DROP TABLE IF EXISTS `item_type`;
CREATE TABLE `item_type`  (
  `id` int(10) NOT NULL AUTO_INCREMENT,
  `pid` int(10) NOT NULL,
  `type_name` varchar(200) CHARACTER SET utf8 COLLATE utf8_unicode_ci NOT NULL,
  PRIMARY KEY (`id`) USING BTREE
) ENGINE = InnoDB AUTO_INCREMENT = 10 CHARACTER SET = utf8 COLLATE = utf8_unicode_ci ROW_FORMAT = Dynamic;

-- ----------------------------
-- Records of item_type
-- ----------------------------
INSERT INTO `item_type` VALUES (1, 0, '总类别');
INSERT INTO `item_type` VALUES (2, 1, '日结');
INSERT INTO `item_type` VALUES (3, 2, '教育培训类');
INSERT INTO `item_type` VALUES (4, 2, '互联网那运营类');
INSERT INTO `item_type` VALUES (5, 2, '其他');
INSERT INTO `item_type` VALUES (6, 1, '周结');
INSERT INTO `item_type` VALUES (7, 6, '教育培训类');
INSERT INTO `item_type` VALUES (8, 6, '互联网那运营类');
INSERT INTO `item_type` VALUES (9, 6, '其他');

-- ----------------------------
-- Table structure for item_type_test
-- ----------------------------
DROP TABLE IF EXISTS `item_type_test`;
CREATE TABLE `item_type_test`  (
  `type_id` int(11) NOT NULL AUTO_INCREMENT COMMENT ' 商品类目表（商品分类）',
  `pid` int(11) NOT NULL COMMENT '上级分类id  0为最高分类  1 为二级分类  数字越大 分类越后',
  `type_name` int(50) NOT NULL COMMENT '标签标题   分类名称',
  `order` varchar(6) CHARACTER SET utf8 COLLATE utf8_unicode_ci NOT NULL COMMENT '排序（加了此字段，后台查询时，数据库报sql出错）',
  PRIMARY KEY (`type_id`) USING BTREE
) ENGINE = InnoDB AUTO_INCREMENT = 10 CHARACTER SET = utf8 COLLATE = utf8_unicode_ci ROW_FORMAT = Dynamic;

-- ----------------------------
-- Records of item_type_test
-- ----------------------------
INSERT INTO `item_type_test` VALUES (1, 0, 0, '000000');
INSERT INTO `item_type_test` VALUES (2, 1, 1, '010000');
INSERT INTO `item_type_test` VALUES (3, 2, 11, '010100');
INSERT INTO `item_type_test` VALUES (4, 2, 12, '010200');
INSERT INTO `item_type_test` VALUES (5, 2, 13, '010300');
INSERT INTO `item_type_test` VALUES (6, 1, 2, '020000');
INSERT INTO `item_type_test` VALUES (7, 6, 21, '020100');
INSERT INTO `item_type_test` VALUES (8, 6, 22, '020200');
INSERT INTO `item_type_test` VALUES (9, 6, 23, '020300');

-- ----------------------------
-- Table structure for item_type_testl
-- ----------------------------
DROP TABLE IF EXISTS `item_type_testl`;
CREATE TABLE `item_type_testl`  (
  `id` int(10) NOT NULL,
  `pid` int(10) NOT NULL,
  PRIMARY KEY (`id`) USING BTREE
) ENGINE = InnoDB CHARACTER SET = utf8 COLLATE = utf8_unicode_ci ROW_FORMAT = Dynamic;

-- ----------------------------
-- Records of item_type_testl
-- ----------------------------
INSERT INTO `item_type_testl` VALUES (1, 0);
INSERT INTO `item_type_testl` VALUES (2, 1);
INSERT INTO `item_type_testl` VALUES (3, 2);

-- ----------------------------
-- Table structure for job
-- ----------------------------
DROP TABLE IF EXISTS `job`;
CREATE TABLE `job`  (
  `id` int(10) NOT NULL AUTO_INCREMENT,
  `title` varchar(64) CHARACTER SET utf8 COLLATE utf8_general_ci NOT NULL DEFAULT '',
  `price` double(10, 0) NOT NULL DEFAULT 0,
  `description` varchar(500) CHARACTER SET utf8 COLLATE utf8_general_ci NOT NULL DEFAULT '',
  `company_name` varchar(25) CHARACTER SET utf8 COLLATE utf8_general_ci NOT NULL COMMENT '公司名称',
  `address` varchar(25) CHARACTER SET utf8 COLLATE utf8_general_ci NOT NULL COMMENT '地址',
  `sales` int(11) NULL DEFAULT 0,
  `img_url` varchar(1000) CHARACTER SET utf8 COLLATE utf8_general_ci NOT NULL DEFAULT '' COMMENT '商品主图',
  `type_id` int(11) NOT NULL DEFAULT 0,
  `type_one` varchar(8) CHARACTER SET utf8 COLLATE utf8_general_ci NOT NULL,
  `type_two` varchar(8) CHARACTER SET utf8 COLLATE utf8_general_ci NOT NULL,
  `s` varchar(10) CHARACTER SET utf8 COLLATE utf8_general_ci NOT NULL COMMENT '开始时间',
  `e` varchar(10) CHARACTER SET utf8 COLLATE utf8_general_ci NOT NULL COMMENT '结束时间',
  `n` int(10) NOT NULL COMMENT '总天数',
  PRIMARY KEY (`id`) USING BTREE
) ENGINE = InnoDB AUTO_INCREMENT = 60 CHARACTER SET = utf8 COLLATE = utf8_general_ci ROW_FORMAT = Dynamic;

-- ----------------------------
-- Records of job
-- ----------------------------
INSERT INTO `job` VALUES (1, '4打字员', 10, '啊啊啊啊啊啊', '无公司', '家办公', 6, 'http://39.96.55.110/group1/M00/00/00/rBGXJ16AMLSARF1HAB6ikJvICHU010.jpg, http://39.96.55.110/group1/M00/00/00/rBGXJ16AMLWACHO6ACPvbj_HLxs066.jpg', 3, '', '', '', '', 12);
INSERT INTO `job` VALUES (2, '收银员', 60, '短期', '', '', 26, '66.img', 4, '', '', '', '', 9);
INSERT INTO `job` VALUES (45, '服务员', 100, '无具体要求2333', '', '', 0, 'http://image.baidu.com', 5, '', '', '', '', 21);
INSERT INTO `job` VALUES (46, '语文教师', 120, '本科及以上学历', '', '', 4, 'image.baidu.com。png', 7, '', '', '', '', 10);
INSERT INTO `job` VALUES (50, '语文教师', 200, '本科', '', '', 0, 'baidu.com.png', 8, '', '', '', '', 5);
INSERT INTO `job` VALUES (51, '化学教师', 200, '本科', '', '', 2, 'baidu.com.png', 9, '', '', '', '', 3);
INSERT INTO `job` VALUES (52, '教学指导', 200, '全能balabala', '', '', 9, 'iii.ing', 3, '', '', '', '', 19);
INSERT INTO `job` VALUES (53, '英语老师', 150, '本科', '', '', 0, '.png', 4, '', '', '', '', 14);
INSERT INTO `job` VALUES (54, '挖掘机指导', 100, '全能balabala', '', '', 13, 'iii.ing', 5, '', '', '', '', 15);
INSERT INTO `job` VALUES (55, '数学指导在线教学', 100, '教学', '小红书', '北京', 19, 'http://39.96.55.110/group1/M00/00/00/rBGXJ16AMLSARF1HAB6ikJvICHU010.jpg, http://39.96.55.110/group1/M00/00/00/rBGXJ16AMLWACHO6ACPvbj_HLxs066.jpg', 7, '周结', '教育培训类', '20200116', '20200213', 9);
INSERT INTO `job` VALUES (56, '数学指导在线教学', 120, '教学', '小红书', '深圳', 0, 'http://39.96.55.110/group1/M00/00/00/rBGXJ16AMLSARF1HAB6ikJvICHU010.jpg, http://39.96.55.110/group1/M00/00/00/rBGXJ16AMLWACHO6ACPvbj_HLxs066.jpg', 5, '日结', '其他', '20200116', '20200213', 28);
INSERT INTO `job` VALUES (57, '英语指导在线教学', 100, '教学', '小红书', '上海', 21, 'http://39.96.55.110/group1/M00/00/00/rBGXJ16AMLSARF1HAB6ikJvICHU010.jpg, http://39.96.55.110/group1/M00/00/00/rBGXJ16AMLWACHO6ACPvbj_HLxs066.jpg', 9, '周结', '其他', '20200116', '20200213', 7);
INSERT INTO `job` VALUES (58, '俄语指导在线教学', 105, '教学2222222223', 'small红书', '深圳', 0, '[http://39.96.55.110/group1/M00/00/00/rBGXJ16P886ACyLxAAAfS3_Vnh8561.png, http://39.96.55.110/group1/M00/00/00/rBGXJ16P88-AQHCtAAAtbtphBaM015.png]', 9, '周结', '其他', '20200116', '20200213', 28);
INSERT INTO `job` VALUES (59, '算法在线教学', 105, '教学2222222223', 'small红书', '深圳', 0, '[http://39.96.55.110/group1/M00/00/00/rBGXJ16Qf6GAB2odAAAtbtphBaM171.png, http://39.96.55.110/group1/M00/00/00/rBGXJ16Qf6GAfw78AAA5fKo6tXI673.png]', 9, '周结', '其他', '20200116', '20200213', 28);

-- ----------------------------
-- Table structure for job_car
-- ----------------------------
DROP TABLE IF EXISTS `job_car`;
CREATE TABLE `job_car`  (
  `id` int(10) NOT NULL AUTO_INCREMENT,
  `user_id` int(11) NOT NULL,
  `wid` int(11) NOT NULL,
  `title` varchar(64) CHARACTER SET utf8 COLLATE utf8_unicode_ci NOT NULL DEFAULT '',
  `price` double(10, 0) NOT NULL DEFAULT 0,
  `weekNum` int(10) NOT NULL,
  `dayOfWeek1` varchar(10) CHARACTER SET utf8 COLLATE utf8_unicode_ci NULL DEFAULT '',
  `dayOfWeek2` varchar(10) CHARACTER SET utf8 COLLATE utf8_unicode_ci NULL DEFAULT '',
  `dayOfWeek3` varchar(10) CHARACTER SET utf8 COLLATE utf8_unicode_ci NULL DEFAULT '',
  `dayOfWeek4` varchar(10) CHARACTER SET utf8 COLLATE utf8_unicode_ci NULL DEFAULT '',
  `dayOfWeek5` varchar(10) CHARACTER SET utf8 COLLATE utf8_unicode_ci NULL DEFAULT '',
  `dayOfWeek6` varchar(10) CHARACTER SET utf8 COLLATE utf8_unicode_ci NULL DEFAULT '',
  `dayOfWeek7` varchar(10) CHARACTER SET utf8 COLLATE utf8_unicode_ci NULL DEFAULT '',
  `num` int(10) NOT NULL,
  PRIMARY KEY (`id`) USING BTREE
) ENGINE = InnoDB AUTO_INCREMENT = 12 CHARACTER SET = utf8 COLLATE = utf8_unicode_ci ROW_FORMAT = Dynamic;

-- ----------------------------
-- Records of job_car
-- ----------------------------
INSERT INTO `job_car` VALUES (4, 5, 50, '', 0, 2, '星期一', '星期二', '星期三', '星期四', '星期五', '', '', 3);
INSERT INTO `job_car` VALUES (5, 12, 57, '英语指导在线教学', 100, 5, '', '星期二', '', '星期四', '', '', '', 2);
INSERT INTO `job_car` VALUES (9, 11, 57, '英语指导在线教学', 100, 5, '星期一', '', '星期三', '', '星期五', '', '星期日', 1);
INSERT INTO `job_car` VALUES (10, 11, 57, '英语指导在线教学', 100, 7, '星期一', '星期二', '', '', '', '', '', 1);

-- ----------------------------
-- Table structure for job_collection
-- ----------------------------
DROP TABLE IF EXISTS `job_collection`;
CREATE TABLE `job_collection`  (
  `id` int(11) NOT NULL AUTO_INCREMENT,
  `user_id` int(11) NOT NULL,
  `wid` int(11) NOT NULL DEFAULT 0,
  PRIMARY KEY (`id`) USING BTREE
) ENGINE = InnoDB AUTO_INCREMENT = 31 CHARACTER SET = utf8 COLLATE = utf8_unicode_ci ROW_FORMAT = Dynamic;

-- ----------------------------
-- Records of job_collection
-- ----------------------------
INSERT INTO `job_collection` VALUES (17, 10, 45);
INSERT INTO `job_collection` VALUES (18, 10, 46);
INSERT INTO `job_collection` VALUES (19, 10, 50);
INSERT INTO `job_collection` VALUES (22, 10, 57);
INSERT INTO `job_collection` VALUES (26, 11, 50);
INSERT INTO `job_collection` VALUES (27, 11, 51);
INSERT INTO `job_collection` VALUES (28, 11, 52);
INSERT INTO `job_collection` VALUES (29, 11, 53);
INSERT INTO `job_collection` VALUES (30, 11, 54);

-- ----------------------------
-- Table structure for job_comment
-- ----------------------------
DROP TABLE IF EXISTS `job_comment`;
CREATE TABLE `job_comment`  (
  `id` int(11) NOT NULL AUTO_INCREMENT,
  `wid` int(11) NOT NULL,
  `job_title` varchar(64) CHARACTER SET utf8 COLLATE utf8_unicode_ci NOT NULL DEFAULT '',
  `user_name` varchar(11) CHARACTER SET utf8 COLLATE utf8_unicode_ci NOT NULL,
  `user_id` int(11) NOT NULL,
  `com_img` varchar(500) CHARACTER SET utf8 COLLATE utf8_unicode_ci NOT NULL COMMENT '评论图片',
  `content` text CHARACTER SET utf8 COLLATE utf8_unicode_ci NOT NULL COMMENT '评论内容',
  `time` date NULL DEFAULT NULL COMMENT '评论时间',
  PRIMARY KEY (`id`) USING BTREE
) ENGINE = InnoDB AUTO_INCREMENT = 9 CHARACTER SET = utf8 COLLATE = utf8_unicode_ci ROW_FORMAT = Dynamic;

-- ----------------------------
-- Records of job_comment
-- ----------------------------
INSERT INTO `job_comment` VALUES (5, 1, '打字员', 'zhang4', 10, '[http://39.96.55.110/group1/M00/00/00/rBGXJ16P7imAW99TAAAfS3_Vnh8155.png, http://39.96.55.110/group1/M00/00/00/rBGXJ16P7imAD1ujAAAtbtphBaM015.png]', '还好还好啊啊啊', '2020-04-10');
INSERT INTO `job_comment` VALUES (6, 1, '打字员', 'zhang4', 10, '[http://39.96.55.110/group1/M00/00/00/rBGXJ16P8xSAd-96AAAfS3_Vnh8913.png, http://39.96.55.110/group1/M00/00/00/rBGXJ16P8xSAC0gVAAAtbtphBaM928.png]', '还好还好啊啊啊', '2020-04-10');
INSERT INTO `job_comment` VALUES (7, 1, '打字员', 'zhang5', 11, '[http://39.96.55.110/group1/M00/00/00/rBGXJ16QApmABHLtAAAfS3_Vnh8185.png, http://39.96.55.110/group1/M00/00/00/rBGXJ16QApmAaaD8AAAtbtphBaM788.png]', '好', '2020-04-10');
INSERT INTO `job_comment` VALUES (8, 1, '打字员', 'zhang4', 10, '[http://39.96.55.110/group1/M00/00/01/rBGXJ16UVtqAAmToAAAtbtphBaM116.png, http://39.96.55.110/group1/M00/00/01/rBGXJ16UVtqAC3QZAAA5fKo6tXI596.png]', 'verygood', '2020-04-13');

-- ----------------------------
-- Table structure for job_grade
-- ----------------------------
DROP TABLE IF EXISTS `job_grade`;
CREATE TABLE `job_grade`  (
  `id` int(11) NOT NULL AUTO_INCREMENT,
  `wid` int(11) NOT NULL,
  `job_title` varchar(64) CHARACTER SET utf8 COLLATE utf8_unicode_ci NOT NULL DEFAULT '',
  `user_name` varchar(11) CHARACTER SET utf8 COLLATE utf8_unicode_ci NOT NULL,
  `user_id` int(11) NOT NULL,
  `logistics` int(5) NOT NULL COMMENT '物流',
  `quality` int(5) NOT NULL COMMENT '质量',
  `service` int(5) NOT NULL COMMENT '服务',
  PRIMARY KEY (`id`) USING BTREE
) ENGINE = InnoDB AUTO_INCREMENT = 8 CHARACTER SET = utf8 COLLATE = utf8_unicode_ci ROW_FORMAT = Dynamic;

-- ----------------------------
-- Records of job_grade
-- ----------------------------
INSERT INTO `job_grade` VALUES (7, 1, '打字员', 'zhang4', 10, 5, 4, 3);

-- ----------------------------
-- Table structure for job_order
-- ----------------------------
DROP TABLE IF EXISTS `job_order`;
CREATE TABLE `job_order`  (
  `id` varchar(32) CHARACTER SET utf8 COLLATE utf8_general_ci NOT NULL,
  `user_id` int(11) NOT NULL DEFAULT 0,
  `wid` int(10) NOT NULL DEFAULT 0,
  `mm` varchar(10) CHARACTER SET utf8 COLLATE utf8_general_ci NOT NULL,
  `dd` varchar(10) CHARACTER SET utf8 COLLATE utf8_general_ci NOT NULL,
  `day_of_week` varchar(10) CHARACTER SET utf8 COLLATE utf8_general_ci NOT NULL,
  `title` varchar(64) CHARACTER SET utf8 COLLATE utf8_general_ci NULL DEFAULT '',
  `price` double(10, 0) NULL DEFAULT NULL,
  PRIMARY KEY (`id`) USING BTREE
) ENGINE = InnoDB CHARACTER SET = utf8 COLLATE = utf8_general_ci ROW_FORMAT = Dynamic;

-- ----------------------------
-- Records of job_order
-- ----------------------------
INSERT INTO `job_order` VALUES ('2020032800004300', 11, 1, '', '06', '星期一', '', NULL);
INSERT INTO `job_order` VALUES ('2020032800004400', 11, 1, '', '15', '星期三', '', NULL);
INSERT INTO `job_order` VALUES ('2020032800004500', 11, 1, '', '22', '星期三', '', NULL);
INSERT INTO `job_order` VALUES ('2020032800004600', 11, 1, '', '29', '星期三', '', NULL);
INSERT INTO `job_order` VALUES ('2020032800004700', 11, 1, '', '16', '星期四', '', NULL);
INSERT INTO `job_order` VALUES ('2020032800004800', 11, 1, '', '23', '星期四', '', NULL);
INSERT INTO `job_order` VALUES ('2020032800004900', 11, 1, '', '30', '星期四', '', NULL);
INSERT INTO `job_order` VALUES ('2020032800005000', 11, 1, '04', '14', '星期二', '', NULL);
INSERT INTO `job_order` VALUES ('2020032800005100', 11, 1, '04', '21', '星期二', '', NULL);
INSERT INTO `job_order` VALUES ('2020032800005200', 11, 1, '04', '28', '星期二', '', NULL);
INSERT INTO `job_order` VALUES ('2020032900005300', 11, 1, '04', '19', '星期日', '', NULL);
INSERT INTO `job_order` VALUES ('2020032900005400', 11, 1, '04', '26', '星期日', '', NULL);
INSERT INTO `job_order` VALUES ('2020032900005500', 11, 1, '05', '03', '星期日', '', NULL);
INSERT INTO `job_order` VALUES ('2020032900005600', 11, 52, '01', '31', '星期五', '', NULL);
INSERT INTO `job_order` VALUES ('2020032900005700', 11, 52, '02', '07', '星期五', '', NULL);
INSERT INTO `job_order` VALUES ('2020032900005800', 11, 52, '02', '01', '星期六', '', NULL);
INSERT INTO `job_order` VALUES ('2020032900005900', 11, 52, '02', '08', '星期六', '', NULL);
INSERT INTO `job_order` VALUES ('2020032900006000', 11, 52, '01', '29', '星期三', '', NULL);
INSERT INTO `job_order` VALUES ('2020032900006100', 11, 52, '02', '05', '星期三', '', NULL);
INSERT INTO `job_order` VALUES ('2020032900006200', 11, 52, '02', '12', '星期三', '', NULL);
INSERT INTO `job_order` VALUES ('2020032900006300', 11, 52, '01', '30', '星期四', '', NULL);
INSERT INTO `job_order` VALUES ('2020032900006400', 11, 52, '02', '06', '星期四', '', NULL);
INSERT INTO `job_order` VALUES ('2020032900006500', 11, 52, '02', '13', '星期四', '', NULL);
INSERT INTO `job_order` VALUES ('2020032900006600', 11, 51, '05', '20', '星期三', '', NULL);
INSERT INTO `job_order` VALUES ('2020032900006700', 11, 51, '05', '27', '星期三', '', NULL);
INSERT INTO `job_order` VALUES ('2020032900006800', 11, 51, '06', '03', '星期三', '', NULL);
INSERT INTO `job_order` VALUES ('2020032900006900', 11, 51, '05', '21', '星期四', '', NULL);
INSERT INTO `job_order` VALUES ('2020032900007000', 11, 51, '05', '28', '星期四', '', NULL);
INSERT INTO `job_order` VALUES ('2020032900007100', 11, 51, '06', '04', '星期四', '', NULL);
INSERT INTO `job_order` VALUES ('2020032900007200', 11, 51, '05', '22', '星期五', '', NULL);
INSERT INTO `job_order` VALUES ('2020032900007300', 11, 51, '05', '29', '星期五', '', NULL);
INSERT INTO `job_order` VALUES ('2020032900007400', 11, 51, '06', '05', '星期五', '', NULL);
INSERT INTO `job_order` VALUES ('2020032900007500', 11, 51, '05', '23', '星期六', '', NULL);
INSERT INTO `job_order` VALUES ('2020032900007600', 11, 51, '05', '30', '星期六', '', NULL);
INSERT INTO `job_order` VALUES ('2020032900007700', 11, 51, '06', '06', '星期六', '', NULL);
INSERT INTO `job_order` VALUES ('2020032900007800', 11, 51, '05', '24', '星期日', '', NULL);
INSERT INTO `job_order` VALUES ('2020032900007900', 11, 51, '05', '31', '星期日', '', NULL);
INSERT INTO `job_order` VALUES ('2020032900008000', 11, 51, '05', '18', '星期一', '', NULL);
INSERT INTO `job_order` VALUES ('2020032900008100', 11, 51, '05', '25', '星期一', '', NULL);
INSERT INTO `job_order` VALUES ('2020032900008200', 11, 51, '06', '01', '星期一', '', NULL);
INSERT INTO `job_order` VALUES ('2020032900008300', 11, 54, '01', '17', '星期五', '', NULL);
INSERT INTO `job_order` VALUES ('2020032900008400', 11, 54, '01', '24', '星期五', '', NULL);
INSERT INTO `job_order` VALUES ('2020032900008500', 11, 54, '01', '18', '星期六', '', NULL);
INSERT INTO `job_order` VALUES ('2020032900008600', 11, 54, '01', '25', '星期六', '', NULL);
INSERT INTO `job_order` VALUES ('2020032900008700', 11, 1, '04', '07', '星期二', '', NULL);
INSERT INTO `job_order` VALUES ('2020032900008800', 11, 1, '04', '08', '星期三', '', NULL);
INSERT INTO `job_order` VALUES ('2020032900008900', 11, 1, '04', '09', '星期四', '', NULL);
INSERT INTO `job_order` VALUES ('2020032900009000', 11, 1, '04', '10', '星期五', '', NULL);
INSERT INTO `job_order` VALUES ('2020032900009100', 11, 1, '04', '17', '星期五', '', NULL);
INSERT INTO `job_order` VALUES ('2020032900009200', 11, 1, '04', '11', '星期六', '', NULL);
INSERT INTO `job_order` VALUES ('2020032900009300', 11, 1, '04', '18', '星期六', '', NULL);
INSERT INTO `job_order` VALUES ('2020032900009400', 11, 1, '05', '05', '星期二', '', NULL);
INSERT INTO `job_order` VALUES ('2020032900009500', 11, 1, '05', '12', '星期二', '', NULL);
INSERT INTO `job_order` VALUES ('2020032900009600', 11, 1, '05', '06', '星期三', '', NULL);
INSERT INTO `job_order` VALUES ('2020032900009700', 11, 1, '05', '13', '星期三', '', NULL);
INSERT INTO `job_order` VALUES ('2020032900009800', 11, 1, '05', '07', '星期四', '', NULL);
INSERT INTO `job_order` VALUES ('2020032900009900', 11, 1, '05', '14', '星期四', '', NULL);
INSERT INTO `job_order` VALUES ('2020032900010000', 11, 1, '05', '08', '星期五', '', NULL);
INSERT INTO `job_order` VALUES ('2020032900010100', 11, 1, '05', '15', '星期五', '', NULL);
INSERT INTO `job_order` VALUES ('2020032900010200', 11, 1, '05', '09', '星期六', '', NULL);
INSERT INTO `job_order` VALUES ('2020032900010300', 11, 1, '05', '16', '星期六', '', NULL);
INSERT INTO `job_order` VALUES ('2020032900010400', 11, 2, '04', '01', '星期三', '', NULL);
INSERT INTO `job_order` VALUES ('2020032900010500', 11, 2, '04', '02', '星期四', '', NULL);
INSERT INTO `job_order` VALUES ('2020032900010600', 11, 2, '04', '03', '星期五', '', NULL);
INSERT INTO `job_order` VALUES ('2020032900010700', 11, 2, '04', '04', '星期六', '', NULL);
INSERT INTO `job_order` VALUES ('2020033000010800', 11, 55, '01', '17', '星期五', '', NULL);
INSERT INTO `job_order` VALUES ('2020033000010900', 11, 55, '01', '24', '星期五', '', NULL);
INSERT INTO `job_order` VALUES ('2020033000011000', 11, 55, '01', '18', '星期六', '', NULL);
INSERT INTO `job_order` VALUES ('2020033000011100', 11, 55, '01', '25', '星期六', '', NULL);
INSERT INTO `job_order` VALUES ('2020033000011400', 11, 57, '01', '23', '星期四', '', NULL);
INSERT INTO `job_order` VALUES ('2020033000011500', 11, 57, '01', '30', '星期四', '', NULL);
INSERT INTO `job_order` VALUES ('2020033000011600', 11, 57, '01', '26', '星期日', '', NULL);
INSERT INTO `job_order` VALUES ('2020033000011700', 11, 57, '02', '02', '星期日', '', NULL);
INSERT INTO `job_order` VALUES ('2020033000011800', 11, 57, '01', '20', '星期一', '', NULL);
INSERT INTO `job_order` VALUES ('2020033000011900', 11, 57, '01', '27', '星期一', '', NULL);
INSERT INTO `job_order` VALUES ('2020033000012000', 11, 57, '01', '21', '星期二', '', NULL);
INSERT INTO `job_order` VALUES ('2020033000012100', 11, 57, '01', '28', '星期二', '', NULL);
INSERT INTO `job_order` VALUES ('2020040600012200', 12, 55, '01', '29', '星期三', '', NULL);
INSERT INTO `job_order` VALUES ('2020040600012300', 12, 55, '02', '05', '星期三', '', NULL);
INSERT INTO `job_order` VALUES ('2020040600012400', 12, 55, '01', '31', '星期五', '', NULL);
INSERT INTO `job_order` VALUES ('2020040600012500', 12, 55, '02', '07', '星期五', '', NULL);
INSERT INTO `job_order` VALUES ('2020040600012600', 11, 55, '02', '01', '星期六', '数学指导在线教学', 100);
INSERT INTO `job_order` VALUES ('2020040600012700', 11, 55, '02', '08', '星期六', '数学指导在线教学', 100);
INSERT INTO `job_order` VALUES ('2020040700012800', 10, 55, '02', '04', '星期二', '数学指导在线教学', 100);
INSERT INTO `job_order` VALUES ('2020040700012900', 10, 55, '02', '06', '星期四', '数学指导在线教学', 100);
INSERT INTO `job_order` VALUES ('2020040900013000', 10, 57, '02', '10', '星期一', '英语指导在线教学', 100);
INSERT INTO `job_order` VALUES ('2020040900013100', 10, 57, '02', '11', '星期二', '英语指导在线教学', 100);

-- ----------------------------
-- Table structure for order_info
-- ----------------------------
DROP TABLE IF EXISTS `order_info`;
CREATE TABLE `order_info`  (
  `id` varchar(32) CHARACTER SET utf8 COLLATE utf8_general_ci NOT NULL,
  `user_id` int(11) NOT NULL DEFAULT 0,
  `item_id` int(11) NOT NULL DEFAULT 0,
  `item_price` double NOT NULL DEFAULT 0,
  `amount` int(11) NOT NULL DEFAULT 0,
  `order_price` double NOT NULL DEFAULT 0,
  PRIMARY KEY (`id`) USING BTREE
) ENGINE = InnoDB CHARACTER SET = utf8 COLLATE = utf8_general_ci ROW_FORMAT = Dynamic;

-- ----------------------------
-- Records of order_info
-- ----------------------------
INSERT INTO `order_info` VALUES ('2020020300002900', 10, 18, 123, 3, 369);
INSERT INTO `order_info` VALUES ('2020020300003000', 10, 19, 100, 8, 800);
INSERT INTO `order_info` VALUES ('2020020500003100', 10, 19, 100, 1, 100);
INSERT INTO `order_info` VALUES ('2020020500003200', 11, 19, 100, 1, 100);
INSERT INTO `order_info` VALUES ('2020020500003300', 11, 21, 101, 2, 202);
INSERT INTO `order_info` VALUES ('2020020600003400', 11, 21, 101, 2, 202);
INSERT INTO `order_info` VALUES ('2020020600003500', 11, 22, 80, 12, 960);
INSERT INTO `order_info` VALUES ('2020020600003600', 11, 23, 88, 10, 880);
INSERT INTO `order_info` VALUES ('2020020600003700', 11, 21, 101, 3, 303);
INSERT INTO `order_info` VALUES ('2020020600003800', 11, 23, 88, 3, 264);
INSERT INTO `order_info` VALUES ('2020020900003900', 10, 25, 100, 2, 200);
INSERT INTO `order_info` VALUES ('2020022800004000', 10, 31, 100, 1, 100);

-- ----------------------------
-- Table structure for order_scoring
-- ----------------------------
DROP TABLE IF EXISTS `order_scoring`;
CREATE TABLE `order_scoring`  (
  `id` int(11) NOT NULL AUTO_INCREMENT,
  `item_id` int(11) NOT NULL,
  `user_id` int(11) NOT NULL,
  `logistics` int(10) NOT NULL COMMENT '物流评分',
  `quality` int(10) NOT NULL COMMENT '质量评分',
  `service` int(10) NOT NULL COMMENT '服务评分',
  PRIMARY KEY (`id`) USING BTREE
) ENGINE = InnoDB AUTO_INCREMENT = 1 CHARACTER SET = utf8 COLLATE = utf8_unicode_ci ROW_FORMAT = Dynamic;

-- ----------------------------
-- Table structure for role
-- ----------------------------
DROP TABLE IF EXISTS `role`;
CREATE TABLE `role`  (
  `id` int(11) UNSIGNED NOT NULL AUTO_INCREMENT,
  `zh_name` varchar(11) CHARACTER SET utf8 COLLATE utf8_general_ci NOT NULL DEFAULT '' COMMENT '角色名称：管理员；用户',
  `name` varchar(11) CHARACTER SET utf8 COLLATE utf8_general_ci NULL DEFAULT NULL COMMENT '角色：ROLE_ADMIN;ROLE_USER',
  PRIMARY KEY (`id`) USING BTREE
) ENGINE = InnoDB AUTO_INCREMENT = 3 CHARACTER SET = utf8 COLLATE = utf8_general_ci ROW_FORMAT = Dynamic;

-- ----------------------------
-- Records of role
-- ----------------------------
INSERT INTO `role` VALUES (1, '用户', 'ROLE_USER');
INSERT INTO `role` VALUES (2, '管理员', 'ROLE_ADMIN');

-- ----------------------------
-- Table structure for sequence_info
-- ----------------------------
DROP TABLE IF EXISTS `sequence_info`;
CREATE TABLE `sequence_info`  (
  `name` varchar(64) CHARACTER SET utf8 COLLATE utf8_general_ci NOT NULL DEFAULT '',
  `current_value` int(64) NOT NULL DEFAULT 0,
  `step` int(64) NOT NULL DEFAULT 0,
  PRIMARY KEY (`name`) USING BTREE
) ENGINE = InnoDB CHARACTER SET = utf8 COLLATE = utf8_general_ci ROW_FORMAT = Dynamic;

-- ----------------------------
-- Records of sequence_info
-- ----------------------------
INSERT INTO `sequence_info` VALUES ('order_info', 132, 1);

-- ----------------------------
-- Table structure for shop_car
-- ----------------------------
DROP TABLE IF EXISTS `shop_car`;
CREATE TABLE `shop_car`  (
  `id` int(11) NOT NULL AUTO_INCREMENT,
  `number` int(11) NOT NULL,
  `user_id` int(11) NOT NULL,
  `item_id` int(11) NOT NULL,
  PRIMARY KEY (`id`) USING BTREE
) ENGINE = InnoDB AUTO_INCREMENT = 13 CHARACTER SET = utf8 COLLATE = utf8_unicode_ci ROW_FORMAT = Dynamic;

-- ----------------------------
-- Records of shop_car
-- ----------------------------
INSERT INTO `shop_car` VALUES (5, 14, 11, 19);
INSERT INTO `shop_car` VALUES (8, 10, 11, 22);
INSERT INTO `shop_car` VALUES (10, 2, 10, 23);
INSERT INTO `shop_car` VALUES (11, 12, 10, 22);
INSERT INTO `shop_car` VALUES (12, 20, 10, 21);

-- ----------------------------
-- Table structure for user
-- ----------------------------
DROP TABLE IF EXISTS `user`;
CREATE TABLE `user`  (
  `id` int(11) UNSIGNED NOT NULL AUTO_INCREMENT,
  `name` varchar(11) CHARACTER SET utf8 COLLATE utf8_general_ci NOT NULL DEFAULT '',
  `nickname` varchar(11) CHARACTER SET utf8 COLLATE utf8_general_ci NULL DEFAULT NULL,
  `password` varchar(64) CHARACTER SET utf8 COLLATE utf8_general_ci NOT NULL DEFAULT '',
  `telephone` varchar(11) CHARACTER SET utf8 COLLATE utf8_general_ci NULL DEFAULT NULL,
  PRIMARY KEY (`id`) USING BTREE,
  UNIQUE INDEX `telephone_unique_index`(`telephone`) USING BTREE
) ENGINE = InnoDB AUTO_INCREMENT = 27 CHARACTER SET = utf8 COLLATE = utf8_general_ci ROW_FORMAT = Dynamic;

-- ----------------------------
-- Records of user
-- ----------------------------
INSERT INTO `user` VALUES (1, 'mengxianfei', NULL, '$2a$10$iJwJPTEwXQLEmpK.GXHIk.S7o0NZ9NSAhDMYnzX0Y.HqBNIpi9m6K', '13775899277');
INSERT INTO `user` VALUES (8, 'zhang2', NULL, '$2a$10$Ye.GyVy1ZTkncOy39oXwxOjGKgSYqMK0IOPc302qEuGDiGIh0U5HC', '12345678912');
INSERT INTO `user` VALUES (9, 'zhang3', NULL, '$2a$10$5yuPB7DhpUJSv0dvlzpb3OnDVl4m8E9TI8Q39dKi9cnTOhQF4Dm7e', '18741270103');
INSERT INTO `user` VALUES (10, 'zhang4', NULL, '$2a$10$fStxNBwKCpoKDlXZY16rROEs44r//U6BX/tlLF931HGYi7EZCrs02', '15952189912');
INSERT INTO `user` VALUES (11, 'zhang5', NULL, '$2a$10$a5/fzJthJ/yJL5euxzMzuefk4p18ZXPPCorYQJBLsY/hM2GIPCY12', '15935712314');
INSERT INTO `user` VALUES (12, 'zhang6', NULL, '$2a$10$nZw3zzRRYuareSnO3xguG.qxGKSSGNS6Gh6Xgo8kCT/Exr26uiYxa', '14725836914');
INSERT INTO `user` VALUES (13, '15952189922', NULL, '$2a$10$alyNRXheHDv46K4dxnZaGOb9AqCzo9qiIkChYbMWdY3tnoTpugfcS', '');
INSERT INTO `user` VALUES (22, '155', NULL, '$2a$10$34TTRUTy0fWSZAJuaxb4hOQZN4Yh3Jh4W9UTH1B63LQdVwMKglLy.', NULL);
INSERT INTO `user` VALUES (23, '12345678901', NULL, '$2a$10$iOYYSMK4p/UktfVhiooUneEztDfZxI79vHzF/O34AGtfaNgs3FkLm', '14725836912');
INSERT INTO `user` VALUES (24, '14725836912', NULL, '$2a$10$V1SqvyewyHZR5Faf6cVC/uqa8mFfZcCd4MvSYU.CQ96zvJtpoDeha', NULL);
INSERT INTO `user` VALUES (25, '14725836913', NULL, '$2a$10$OP/m3HL3ycUPjOgeqI.ScetYYjVBeiviiGUF5pu/IggyRgOipD/W2', NULL);
INSERT INTO `user` VALUES (26, '18741270103', NULL, '$2a$10$MO1WFY4X/lrpCBAmx1CibetgPhUlAnYmqPkP1ylf3G82lMXMdvniO', NULL);

-- ----------------------------
-- Table structure for user_role
-- ----------------------------
DROP TABLE IF EXISTS `user_role`;
CREATE TABLE `user_role`  (
  `id` int(11) UNSIGNED NOT NULL AUTO_INCREMENT,
  `user_id` int(11) NULL DEFAULT NULL,
  `role_id` int(11) NULL DEFAULT NULL,
  PRIMARY KEY (`id`) USING BTREE
) ENGINE = InnoDB AUTO_INCREMENT = 19 CHARACTER SET = utf8 COLLATE = utf8_general_ci ROW_FORMAT = Dynamic;

-- ----------------------------
-- Records of user_role
-- ----------------------------
INSERT INTO `user_role` VALUES (1, 1, 1);
INSERT INTO `user_role` VALUES (8, 8, 1);
INSERT INTO `user_role` VALUES (9, 9, 1);
INSERT INTO `user_role` VALUES (10, 10, 1);
INSERT INTO `user_role` VALUES (11, 11, 1);
INSERT INTO `user_role` VALUES (12, 12, 1);
INSERT INTO `user_role` VALUES (13, 13, 1);
INSERT INTO `user_role` VALUES (14, 22, 1);
INSERT INTO `user_role` VALUES (15, 23, 1);
INSERT INTO `user_role` VALUES (16, 24, 1);
INSERT INTO `user_role` VALUES (17, 25, 1);
INSERT INTO `user_role` VALUES (18, 26, 1);

-- ----------------------------
-- Table structure for week_job
-- ----------------------------
DROP TABLE IF EXISTS `week_job`;
CREATE TABLE `week_job`  (
  `id` int(10) NOT NULL AUTO_INCREMENT,
  `wid` int(10) NOT NULL DEFAULT 2,
  `dt` varchar(10) CHARACTER SET utf8 COLLATE utf8_general_ci NULL DEFAULT NULL,
  `dt2` varchar(10) CHARACTER SET utf8 COLLATE utf8_general_ci NOT NULL,
  `yr` varchar(10) CHARACTER SET utf8 COLLATE utf8_general_ci NULL DEFAULT NULL,
  `mm` varchar(10) CHARACTER SET utf8 COLLATE utf8_general_ci NULL DEFAULT NULL,
  `dd` varchar(10) CHARACTER SET utf8 COLLATE utf8_general_ci NULL DEFAULT NULL,
  `day_of_week` varchar(10) CHARACTER SET utf8 COLLATE utf8_general_ci NULL DEFAULT NULL,
  `week_num` int(10) NULL DEFAULT NULL,
  `qr` varchar(10) CHARACTER SET utf8 COLLATE utf8_general_ci NULL DEFAULT NULL,
  `bourse_week` varchar(10) CHARACTER SET utf8 COLLATE utf8_general_ci NULL DEFAULT NULL,
  `yrmm` varchar(10) CHARACTER SET utf8 COLLATE utf8_general_ci NULL DEFAULT NULL,
  `week_begin` varchar(10) CHARACTER SET utf8 COLLATE utf8_general_ci NULL DEFAULT NULL,
  `week_end` varchar(10) CHARACTER SET utf8 COLLATE utf8_general_ci NULL DEFAULT NULL,
  `deleted` int(5) NOT NULL DEFAULT 0 COMMENT '逻辑删除（0代表未删除，1代表已删除）',
  PRIMARY KEY (`id`) USING BTREE
) ENGINE = InnoDB AUTO_INCREMENT = 620 CHARACTER SET = utf8 COLLATE = utf8_general_ci ROW_FORMAT = Dynamic;

-- ----------------------------
-- Records of week_job
-- ----------------------------
INSERT INTO `week_job` VALUES (2, 1, '2020-04-06', '20200406', '2020', '04', '06', '星期一', 15, '20202', '2020-15', '202004', '20200406', '20200412', 1);
INSERT INTO `week_job` VALUES (3, 1, '2020-04-07', '20200407', '2020', '04', '07', '星期二', 15, '20202', '2020-15', '202004', '20200406', '20200412', 1);
INSERT INTO `week_job` VALUES (4, 1, '2020-04-08', '20200408', '2020', '04', '08', '星期三', 15, '20202', '2020-15', '202004', '20200406', '20200412', 1);
INSERT INTO `week_job` VALUES (5, 1, '2020-04-09', '20200409', '2020', '04', '09', '星期四', 15, '20202', '2020-15', '202004', '20200406', '20200412', 1);
INSERT INTO `week_job` VALUES (6, 1, '2020-04-10', '20200410', '2020', '04', '10', '星期五', 15, '20202', '2020-15', '202004', '20200406', '20200412', 1);
INSERT INTO `week_job` VALUES (7, 1, '2020-04-11', '20200411', '2020', '04', '11', '星期六', 15, '20202', '2020-15', '202004', '20200406', '20200412', 1);
INSERT INTO `week_job` VALUES (8, 1, '2020-04-12', '20200412', '2020', '04', '12', '星期日', 15, '20202', '2020-15', '202004', '20200413', '20200419', 0);
INSERT INTO `week_job` VALUES (9, 1, '2020-04-13', '20200413', '2020', '04', '13', '星期一', 16, '20202', '2020-16', '202004', '20200413', '20200419', 0);
INSERT INTO `week_job` VALUES (10, 1, '2020-04-14', '20200414', '2020', '04', '14', '星期二', 16, '20202', '2020-16', '202004', '20200413', '20200419', 1);
INSERT INTO `week_job` VALUES (11, 1, '2020-04-15', '20200415', '2020', '04', '15', '星期三', 16, '20202', '2020-16', '202004', '20200413', '20200419', 1);
INSERT INTO `week_job` VALUES (12, 1, '2020-04-16', '20200416', '2020', '04', '16', '星期四', 16, '20202', '2020-16', '202004', '20200413', '20200419', 1);
INSERT INTO `week_job` VALUES (13, 1, '2020-04-17', '20200417', '2020', '04', '17', '星期五', 16, '20202', '2020-16', '202004', '20200413', '20200419', 1);
INSERT INTO `week_job` VALUES (14, 1, '2020-04-18', '20200418', '2020', '04', '18', '星期六', 16, '20202', '2020-16', '202004', '20200413', '20200419', 1);
INSERT INTO `week_job` VALUES (15, 1, '2020-04-19', '20200419', '2020', '04', '19', '星期日', 16, '20202', '2020-16', '202004', '20200420', '20200426', 1);
INSERT INTO `week_job` VALUES (16, 1, '2020-04-20', '20200420', '2020', '04', '20', '星期一', 17, '20202', '2020-17', '202004', '20200420', '20200426', 0);
INSERT INTO `week_job` VALUES (17, 1, '2020-04-21', '20200421', '2020', '04', '21', '星期二', 17, '20202', '2020-17', '202004', '20200420', '20200426', 1);
INSERT INTO `week_job` VALUES (18, 1, '2020-04-22', '20200422', '2020', '04', '22', '星期三', 17, '20202', '2020-17', '202004', '20200420', '20200426', 1);
INSERT INTO `week_job` VALUES (19, 1, '2020-04-23', '20200423', '2020', '04', '23', '星期四', 17, '20202', '2020-17', '202004', '20200420', '20200426', 1);
INSERT INTO `week_job` VALUES (20, 1, '2020-04-24', '20200424', '2020', '04', '24', '星期五', 17, '20202', '2020-17', '202004', '20200420', '20200426', 0);
INSERT INTO `week_job` VALUES (21, 1, '2020-04-25', '20200425', '2020', '04', '25', '星期六', 17, '20202', '2020-17', '202004', '20200420', '20200426', 0);
INSERT INTO `week_job` VALUES (22, 1, '2020-04-26', '20200426', '2020', '04', '26', '星期日', 17, '20202', '2020-17', '202004', '20200427', '20200503', 1);
INSERT INTO `week_job` VALUES (23, 1, '2020-04-27', '20200427', '2020', '04', '27', '星期一', 18, '20202', '2020-18', '202004', '20200427', '20200503', 0);
INSERT INTO `week_job` VALUES (24, 1, '2020-04-28', '20200428', '2020', '04', '28', '星期二', 18, '20202', '2020-18', '202004', '20200427', '20200503', 1);
INSERT INTO `week_job` VALUES (25, 1, '2020-04-29', '20200429', '2020', '04', '29', '星期三', 18, '20202', '2020-18', '202004', '20200427', '20200503', 1);
INSERT INTO `week_job` VALUES (26, 1, '2020-04-30', '20200430', '2020', '04', '30', '星期四', 18, '20202', '2020-18', '202004', '20200427', '20200503', 1);
INSERT INTO `week_job` VALUES (27, 1, '2020-05-01', '20200501', '2020', '05', '01', '星期五', 18, '20202', '2020-18', '202005', '20200427', '20200503', 0);
INSERT INTO `week_job` VALUES (28, 1, '2020-05-02', '20200502', '2020', '05', '02', '星期六', 18, '20202', '2020-18', '202005', '20200427', '20200503', 0);
INSERT INTO `week_job` VALUES (29, 1, '2020-05-03', '20200503', '2020', '05', '03', '星期日', 18, '20202', '2020-18', '202005', '20200504', '20200510', 1);
INSERT INTO `week_job` VALUES (30, 1, '2020-05-04', '20200504', '2020', '05', '04', '星期一', 19, '20202', '2020-19', '202005', '20200504', '20200510', 0);
INSERT INTO `week_job` VALUES (31, 1, '2020-05-05', '20200505', '2020', '05', '05', '星期二', 19, '20202', '2020-19', '202005', '20200504', '20200510', 1);
INSERT INTO `week_job` VALUES (32, 1, '2020-05-06', '20200506', '2020', '05', '06', '星期三', 19, '20202', '2020-19', '202005', '20200504', '20200510', 1);
INSERT INTO `week_job` VALUES (33, 1, '2020-05-07', '20200507', '2020', '05', '07', '星期四', 19, '20202', '2020-19', '202005', '20200504', '20200510', 1);
INSERT INTO `week_job` VALUES (34, 1, '2020-05-08', '20200508', '2020', '05', '08', '星期五', 19, '20202', '2020-19', '202005', '20200504', '20200510', 1);
INSERT INTO `week_job` VALUES (35, 1, '2020-05-09', '20200509', '2020', '05', '09', '星期六', 19, '20202', '2020-19', '202005', '20200504', '20200510', 1);
INSERT INTO `week_job` VALUES (36, 1, '2020-05-10', '20200510', '2020', '05', '10', '星期日', 19, '20202', '2020-19', '202005', '20200511', '20200517', 0);
INSERT INTO `week_job` VALUES (37, 1, '2020-05-11', '20200511', '2020', '05', '11', '星期一', 20, '20202', '2020-20', '202005', '20200511', '20200517', 0);
INSERT INTO `week_job` VALUES (38, 1, '2020-05-12', '20200512', '2020', '05', '12', '星期二', 20, '20202', '2020-20', '202005', '20200511', '20200517', 1);
INSERT INTO `week_job` VALUES (39, 1, '2020-05-13', '20200513', '2020', '05', '13', '星期三', 20, '20202', '2020-20', '202005', '20200511', '20200517', 1);
INSERT INTO `week_job` VALUES (40, 1, '2020-05-14', '20200514', '2020', '05', '14', '星期四', 20, '20202', '2020-20', '202005', '20200511', '20200517', 1);
INSERT INTO `week_job` VALUES (41, 1, '2020-05-15', '20200515', '2020', '05', '15', '星期五', 20, '20202', '2020-20', '202005', '20200511', '20200517', 1);
INSERT INTO `week_job` VALUES (42, 1, '2020-05-16', '20200516', '2020', '05', '16', '星期六', 20, '20202', '2020-20', '202005', '20200511', '20200517', 1);
INSERT INTO `week_job` VALUES (43, 1, '2020-05-17', '20200517', '2020', '05', '17', '星期日', 20, '20202', '2020-20', '202005', '20200518', '20200524', 0);
INSERT INTO `week_job` VALUES (44, 2, '2020-03-30', '20200330', '2020', '03', '30', '星期一', 14, '20201', '2020-14', '202003', '20200330', '20200405', 0);
INSERT INTO `week_job` VALUES (45, 2, '2020-03-31', '20200331', '2020', '03', '31', '星期二', 14, '20201', '2020-14', '202003', '20200330', '20200405', 0);
INSERT INTO `week_job` VALUES (46, 2, '2020-04-01', '20200401', '2020', '04', '01', '星期三', 14, '20202', '2020-14', '202004', '20200330', '20200405', 1);
INSERT INTO `week_job` VALUES (47, 2, '2020-04-02', '20200402', '2020', '04', '02', '星期四', 14, '20202', '2020-14', '202004', '20200330', '20200405', 1);
INSERT INTO `week_job` VALUES (48, 2, '2020-04-03', '20200403', '2020', '04', '03', '星期五', 14, '20202', '2020-14', '202004', '20200330', '20200405', 1);
INSERT INTO `week_job` VALUES (49, 2, '2020-04-04', '20200404', '2020', '04', '04', '星期六', 14, '20202', '2020-14', '202004', '20200330', '20200405', 1);
INSERT INTO `week_job` VALUES (50, 2, '2020-04-05', '20200405', '2020', '04', '05', '星期日', 14, '20202', '2020-14', '202004', '20200406', '20200412', 0);
INSERT INTO `week_job` VALUES (51, 2, '2020-04-06', '20200406', '2020', '04', '06', '星期一', 15, '20202', '2020-15', '202004', '20200406', '20200412', 0);
INSERT INTO `week_job` VALUES (52, 2, '2020-04-07', '20200407', '2020', '04', '07', '星期二', 15, '20202', '2020-15', '202004', '20200406', '20200412', 1);
INSERT INTO `week_job` VALUES (53, 2, '2020-04-08', '20200408', '2020', '04', '08', '星期三', 15, '20202', '2020-15', '202004', '20200406', '20200412', 1);
INSERT INTO `week_job` VALUES (54, 2, '2020-04-09', '20200409', '2020', '04', '09', '星期四', 15, '20202', '2020-15', '202004', '20200406', '20200412', 1);
INSERT INTO `week_job` VALUES (55, 2, '2020-04-10', '20200410', '2020', '04', '10', '星期五', 15, '20202', '2020-15', '202004', '20200406', '20200412', 1);
INSERT INTO `week_job` VALUES (56, 2, '2020-04-11', '20200411', '2020', '04', '11', '星期六', 15, '20202', '2020-15', '202004', '20200406', '20200412', 1);
INSERT INTO `week_job` VALUES (57, 2, '2020-04-12', '20200412', '2020', '04', '12', '星期日', 15, '20202', '2020-15', '202004', '20200413', '20200419', 0);
INSERT INTO `week_job` VALUES (58, 2, '2020-04-13', '20200413', '2020', '04', '13', '星期一', 16, '20202', '2020-16', '202004', '20200413', '20200419', 0);
INSERT INTO `week_job` VALUES (59, 2, '2020-04-14', '20200414', '2020', '04', '14', '星期二', 16, '20202', '2020-16', '202004', '20200413', '20200419', 1);
INSERT INTO `week_job` VALUES (60, 2, '2020-04-15', '20200415', '2020', '04', '15', '星期三', 16, '20202', '2020-16', '202004', '20200413', '20200419', 1);
INSERT INTO `week_job` VALUES (61, 2, '2020-04-16', '20200416', '2020', '04', '16', '星期四', 16, '20202', '2020-16', '202004', '20200413', '20200419', 1);
INSERT INTO `week_job` VALUES (62, 2, '2020-04-17', '20200417', '2020', '04', '17', '星期五', 16, '20202', '2020-16', '202004', '20200413', '20200419', 1);
INSERT INTO `week_job` VALUES (63, 2, '2020-04-18', '20200418', '2020', '04', '18', '星期六', 16, '20202', '2020-16', '202004', '20200413', '20200419', 1);
INSERT INTO `week_job` VALUES (64, 2, '2020-04-19', '20200419', '2020', '04', '19', '星期日', 16, '20202', '2020-16', '202004', '20200420', '20200426', 1);
INSERT INTO `week_job` VALUES (65, 2, '2020-04-20', '20200420', '2020', '04', '20', '星期一', 17, '20202', '2020-17', '202004', '20200420', '20200426', 0);
INSERT INTO `week_job` VALUES (66, 2, '2020-04-21', '20200421', '2020', '04', '21', '星期二', 17, '20202', '2020-17', '202004', '20200420', '20200426', 1);
INSERT INTO `week_job` VALUES (67, 2, '2020-04-22', '20200422', '2020', '04', '22', '星期三', 17, '20202', '2020-17', '202004', '20200420', '20200426', 1);
INSERT INTO `week_job` VALUES (68, 2, '2020-04-23', '20200423', '2020', '04', '23', '星期四', 17, '20202', '2020-17', '202004', '20200420', '20200426', 1);
INSERT INTO `week_job` VALUES (69, 2, '2020-04-24', '20200424', '2020', '04', '24', '星期五', 17, '20202', '2020-17', '202004', '20200420', '20200426', 0);
INSERT INTO `week_job` VALUES (70, 2, '2020-04-25', '20200425', '2020', '04', '25', '星期六', 17, '20202', '2020-17', '202004', '20200420', '20200426', 0);
INSERT INTO `week_job` VALUES (71, 2, '2020-04-26', '20200426', '2020', '04', '26', '星期日', 17, '20202', '2020-17', '202004', '20200427', '20200503', 1);
INSERT INTO `week_job` VALUES (282, 45, '2020-09-07', '20200907', '2020', '09', '07', '星期一', 37, '20203', '2020-37', '202009', '20200907', '20200913', 0);
INSERT INTO `week_job` VALUES (283, 45, '2020-09-08', '20200908', '2020', '09', '08', '星期二', 37, '20203', '2020-37', '202009', '20200907', '20200913', 0);
INSERT INTO `week_job` VALUES (284, 45, '2020-09-09', '20200909', '2020', '09', '09', '星期三', 37, '20203', '2020-37', '202009', '20200907', '20200913', 0);
INSERT INTO `week_job` VALUES (285, 45, '2020-09-10', '20200910', '2020', '09', '10', '星期四', 37, '20203', '2020-37', '202009', '20200907', '20200913', 0);
INSERT INTO `week_job` VALUES (286, 45, '2020-09-11', '20200911', '2020', '09', '11', '星期五', 37, '20203', '2020-37', '202009', '20200907', '20200913', 0);
INSERT INTO `week_job` VALUES (287, 45, '2020-09-12', '20200912', '2020', '09', '12', '星期六', 37, '20203', '2020-37', '202009', '20200907', '20200913', 0);
INSERT INTO `week_job` VALUES (288, 45, '2020-09-13', '20200913', '2020', '09', '13', '星期日', 37, '20203', '2020-37', '202009', '20200914', '20200920', 0);
INSERT INTO `week_job` VALUES (289, 45, '2020-09-14', '20200914', '2020', '09', '14', '星期一', 38, '20203', '2020-38', '202009', '20200914', '20200920', 0);
INSERT INTO `week_job` VALUES (290, 45, '2020-09-15', '20200915', '2020', '09', '15', '星期二', 38, '20203', '2020-38', '202009', '20200914', '20200920', 0);
INSERT INTO `week_job` VALUES (291, 45, '2020-09-16', '20200916', '2020', '09', '16', '星期三', 38, '20203', '2020-38', '202009', '20200914', '20200920', 0);
INSERT INTO `week_job` VALUES (292, 45, '2020-09-17', '20200917', '2020', '09', '17', '星期四', 38, '20203', '2020-38', '202009', '20200914', '20200920', 0);
INSERT INTO `week_job` VALUES (293, 45, '2020-09-18', '20200918', '2020', '09', '18', '星期五', 38, '20203', '2020-38', '202009', '20200914', '20200920', 0);
INSERT INTO `week_job` VALUES (294, 45, '2020-09-19', '20200919', '2020', '09', '19', '星期六', 38, '20203', '2020-38', '202009', '20200914', '20200920', 0);
INSERT INTO `week_job` VALUES (295, 45, '2020-09-20', '20200920', '2020', '09', '20', '星期日', 38, '20203', '2020-38', '202009', '20200921', '20200927', 0);
INSERT INTO `week_job` VALUES (296, 45, '2020-09-21', '20200921', '2020', '09', '21', '星期一', 39, '20203', '2020-39', '202009', '20200921', '20200927', 0);
INSERT INTO `week_job` VALUES (297, 45, '2020-09-22', '20200922', '2020', '09', '22', '星期二', 39, '20203', '2020-39', '202009', '20200921', '20200927', 0);
INSERT INTO `week_job` VALUES (298, 45, '2020-09-23', '20200923', '2020', '09', '23', '星期三', 39, '20203', '2020-39', '202009', '20200921', '20200927', 0);
INSERT INTO `week_job` VALUES (299, 45, '2020-09-24', '20200924', '2020', '09', '24', '星期四', 39, '20203', '2020-39', '202009', '20200921', '20200927', 0);
INSERT INTO `week_job` VALUES (300, 45, '2020-09-25', '20200925', '2020', '09', '25', '星期五', 39, '20203', '2020-39', '202009', '20200921', '20200927', 0);
INSERT INTO `week_job` VALUES (301, 45, '2020-09-26', '20200926', '2020', '09', '26', '星期六', 39, '20203', '2020-39', '202009', '20200921', '20200927', 0);
INSERT INTO `week_job` VALUES (302, 45, '2020-09-27', '20200927', '2020', '09', '27', '星期日', 39, '20203', '2020-39', '202009', '20200928', '20201004', 0);
INSERT INTO `week_job` VALUES (303, 46, '2020-03-30', '20200330', '2020', '03', '30', '星期一', 1, '20201', '2020-14', '202003', '20200330', '20200405', 0);
INSERT INTO `week_job` VALUES (304, 46, '2020-03-31', '20200331', '2020', '03', '31', '星期二', 1, '20201', '2020-14', '202003', '20200330', '20200405', 0);
INSERT INTO `week_job` VALUES (305, 46, '2020-04-01', '20200401', '2020', '04', '01', '星期三', 1, '20202', '2020-14', '202004', '20200330', '20200405', 0);
INSERT INTO `week_job` VALUES (306, 46, '2020-04-02', '20200402', '2020', '04', '02', '星期四', 1, '20202', '2020-14', '202004', '20200330', '20200405', 0);
INSERT INTO `week_job` VALUES (307, 46, '2020-04-03', '20200403', '2020', '04', '03', '星期五', 1, '20202', '2020-14', '202004', '20200330', '20200405', 0);
INSERT INTO `week_job` VALUES (308, 46, '2020-04-04', '20200404', '2020', '04', '04', '星期六', 1, '20202', '2020-14', '202004', '20200330', '20200405', 0);
INSERT INTO `week_job` VALUES (309, 46, '2020-04-05', '20200405', '2020', '04', '05', '星期日', 1, '20202', '2020-14', '202004', '20200406', '20200412', 0);
INSERT INTO `week_job` VALUES (310, 46, '2020-04-06', '20200406', '2020', '04', '06', '星期一', 2, '20202', '2020-15', '202004', '20200406', '20200412', 0);
INSERT INTO `week_job` VALUES (311, 46, '2020-04-07', '20200407', '2020', '04', '07', '星期二', 2, '20202', '2020-15', '202004', '20200406', '20200412', 0);
INSERT INTO `week_job` VALUES (312, 46, '2020-04-08', '20200408', '2020', '04', '08', '星期三', 2, '20202', '2020-15', '202004', '20200406', '20200412', 0);
INSERT INTO `week_job` VALUES (313, 46, '2020-04-09', '20200409', '2020', '04', '09', '星期四', 2, '20202', '2020-15', '202004', '20200406', '20200412', 0);
INSERT INTO `week_job` VALUES (314, 46, '2020-04-10', '20200410', '2020', '04', '10', '星期五', 2, '20202', '2020-15', '202004', '20200406', '20200412', 0);
INSERT INTO `week_job` VALUES (315, 46, '2020-04-11', '20200411', '2020', '04', '11', '星期六', 2, '20202', '2020-15', '202004', '20200406', '20200412', 0);
INSERT INTO `week_job` VALUES (316, 46, '2020-04-12', '20200412', '2020', '04', '12', '星期日', 2, '20202', '2020-15', '202004', '20200413', '20200419', 0);
INSERT INTO `week_job` VALUES (331, 48, '2020-03-30', '20200330', '2020', '03', '30', '星期一', 1, '20201', '2020-14', '202003', '20200330', '20200405', 0);
INSERT INTO `week_job` VALUES (332, 48, '2020-03-31', '20200331', '2020', '03', '31', '星期二', 1, '20201', '2020-14', '202003', '20200330', '20200405', 0);
INSERT INTO `week_job` VALUES (333, 48, '2020-04-01', '20200401', '2020', '04', '01', '星期三', 1, '20202', '2020-14', '202004', '20200330', '20200405', 0);
INSERT INTO `week_job` VALUES (334, 48, '2020-04-02', '20200402', '2020', '04', '02', '星期四', 1, '20202', '2020-14', '202004', '20200330', '20200405', 0);
INSERT INTO `week_job` VALUES (335, 48, '2020-04-03', '20200403', '2020', '04', '03', '星期五', 1, '20202', '2020-14', '202004', '20200330', '20200405', 0);
INSERT INTO `week_job` VALUES (336, 48, '2020-04-04', '20200404', '2020', '04', '04', '星期六', 1, '20202', '2020-14', '202004', '20200330', '20200405', 0);
INSERT INTO `week_job` VALUES (337, 48, '2020-04-05', '20200405', '2020', '04', '05', '星期日', 1, '20202', '2020-14', '202004', '20200406', '20200412', 0);
INSERT INTO `week_job` VALUES (338, 48, '2020-04-06', '20200406', '2020', '04', '06', '星期一', 2, '20202', '2020-15', '202004', '20200406', '20200412', 0);
INSERT INTO `week_job` VALUES (339, 48, '2020-04-07', '20200407', '2020', '04', '07', '星期二', 2, '20202', '2020-15', '202004', '20200406', '20200412', 0);
INSERT INTO `week_job` VALUES (340, 48, '2020-04-08', '20200408', '2020', '04', '08', '星期三', 2, '20202', '2020-15', '202004', '20200406', '20200412', 0);
INSERT INTO `week_job` VALUES (341, 48, '2020-04-09', '20200409', '2020', '04', '09', '星期四', 2, '20202', '2020-15', '202004', '20200406', '20200412', 0);
INSERT INTO `week_job` VALUES (342, 48, '2020-04-10', '20200410', '2020', '04', '10', '星期五', 2, '20202', '2020-15', '202004', '20200406', '20200412', 0);
INSERT INTO `week_job` VALUES (343, 48, '2020-04-11', '20200411', '2020', '04', '11', '星期六', 2, '20202', '2020-15', '202004', '20200406', '20200412', 0);
INSERT INTO `week_job` VALUES (344, 48, '2020-04-12', '20200412', '2020', '04', '12', '星期日', 2, '20202', '2020-15', '202004', '20200413', '20200419', 0);
INSERT INTO `week_job` VALUES (345, 48, '2020-04-13', '20200413', '2020', '04', '13', '星期一', 3, '20202', '2020-16', '202004', '20200413', '20200419', 0);
INSERT INTO `week_job` VALUES (346, 48, '2020-04-14', '20200414', '2020', '04', '14', '星期二', 3, '20202', '2020-16', '202004', '20200413', '20200419', 0);
INSERT INTO `week_job` VALUES (347, 48, '2020-04-15', '20200415', '2020', '04', '15', '星期三', 3, '20202', '2020-16', '202004', '20200413', '20200419', 0);
INSERT INTO `week_job` VALUES (348, 48, '2020-04-16', '20200416', '2020', '04', '16', '星期四', 3, '20202', '2020-16', '202004', '20200413', '20200419', 0);
INSERT INTO `week_job` VALUES (349, 48, '2020-04-17', '20200417', '2020', '04', '17', '星期五', 3, '20202', '2020-16', '202004', '20200413', '20200419', 1);
INSERT INTO `week_job` VALUES (350, 48, '2020-04-18', '20200418', '2020', '04', '18', '星期六', 3, '20202', '2020-16', '202004', '20200413', '20200419', 1);
INSERT INTO `week_job` VALUES (351, 48, '2020-04-19', '20200419', '2020', '04', '19', '星期日', 3, '20202', '2020-16', '202004', '20200420', '20200426', 0);
INSERT INTO `week_job` VALUES (352, 49, '2020-01-15', '20200115', '2020', '01', '15', '星期三', 1, '20201', '2020-03', '202001', '20200113', '20200119', 0);
INSERT INTO `week_job` VALUES (353, 49, '2020-01-16', '20200116', '2020', '01', '16', '星期四', 1, '20201', '2020-03', '202001', '20200113', '20200119', 0);
INSERT INTO `week_job` VALUES (354, 49, '2020-01-17', '20200117', '2020', '01', '17', '星期五', 1, '20201', '2020-03', '202001', '20200113', '20200119', 0);
INSERT INTO `week_job` VALUES (355, 49, '2020-01-18', '20200118', '2020', '01', '18', '星期六', 1, '20201', '2020-03', '202001', '20200113', '20200119', 0);
INSERT INTO `week_job` VALUES (356, 49, '2020-01-19', '20200119', '2020', '01', '19', '星期日', 1, '20201', '2020-03', '202001', '20200120', '20200126', 0);
INSERT INTO `week_job` VALUES (357, 49, '2020-01-20', '20200120', '2020', '01', '20', '星期一', 2, '20201', '2020-04', '202001', '20200120', '20200126', 0);
INSERT INTO `week_job` VALUES (358, 49, '2020-01-21', '20200121', '2020', '01', '21', '星期二', 2, '20201', '2020-04', '202001', '20200120', '20200126', 0);
INSERT INTO `week_job` VALUES (359, 49, '2020-01-22', '20200122', '2020', '01', '22', '星期三', 2, '20201', '2020-04', '202001', '20200120', '20200126', 0);
INSERT INTO `week_job` VALUES (360, 49, '2020-01-23', '20200123', '2020', '01', '23', '星期四', 2, '20201', '2020-04', '202001', '20200120', '20200126', 0);
INSERT INTO `week_job` VALUES (361, 49, '2020-01-24', '20200124', '2020', '01', '24', '星期五', 2, '20201', '2020-04', '202001', '20200120', '20200126', 0);
INSERT INTO `week_job` VALUES (362, 49, '2020-01-25', '20200125', '2020', '01', '25', '星期六', 2, '20201', '2020-04', '202001', '20200120', '20200126', 0);
INSERT INTO `week_job` VALUES (363, 49, '2020-01-26', '20200126', '2020', '01', '26', '星期日', 2, '20201', '2020-04', '202001', '20200127', '20200202', 0);
INSERT INTO `week_job` VALUES (364, 49, '2020-01-27', '20200127', '2020', '01', '27', '星期一', 3, '20201', '2020-05', '202001', '20200127', '20200202', 0);
INSERT INTO `week_job` VALUES (365, 49, '2020-01-28', '20200128', '2020', '01', '28', '星期二', 3, '20201', '2020-05', '202001', '20200127', '20200202', 0);
INSERT INTO `week_job` VALUES (366, 49, '2020-01-29', '20200129', '2020', '01', '29', '星期三', 3, '20201', '2020-05', '202001', '20200127', '20200202', 0);
INSERT INTO `week_job` VALUES (367, 49, '2020-01-30', '20200130', '2020', '01', '30', '星期四', 3, '20201', '2020-05', '202001', '20200127', '20200202', 0);
INSERT INTO `week_job` VALUES (368, 49, '2020-01-31', '20200131', '2020', '01', '31', '星期五', 3, '20201', '2020-05', '202001', '20200127', '20200202', 1);
INSERT INTO `week_job` VALUES (369, 49, '2020-02-01', '20200201', '2020', '02', '01', '星期六', 3, '20201', '2020-05', '202002', '20200127', '20200202', 1);
INSERT INTO `week_job` VALUES (370, 49, '2020-02-02', '20200202', '2020', '02', '02', '星期日', 3, '20201', '2020-05', '202002', '20200203', '20200209', 0);
INSERT INTO `week_job` VALUES (371, 49, '2020-02-03', '20200203', '2020', '02', '03', '星期一', 4, '20201', '2020-06', '202002', '20200203', '20200209', 1);
INSERT INTO `week_job` VALUES (372, 49, '2020-02-04', '20200204', '2020', '02', '04', '星期二', 4, '20201', '2020-06', '202002', '20200203', '20200209', 1);
INSERT INTO `week_job` VALUES (373, 49, '2020-02-05', '20200205', '2020', '02', '05', '星期三', 4, '20201', '2020-06', '202002', '20200203', '20200209', 0);
INSERT INTO `week_job` VALUES (374, 49, '2020-02-06', '20200206', '2020', '02', '06', '星期四', 4, '20201', '2020-06', '202002', '20200203', '20200209', 1);
INSERT INTO `week_job` VALUES (375, 49, '2020-02-07', '20200207', '2020', '02', '07', '星期五', 4, '20201', '2020-06', '202002', '20200203', '20200209', 1);
INSERT INTO `week_job` VALUES (376, 49, '2020-02-08', '20200208', '2020', '02', '08', '星期六', 4, '20201', '2020-06', '202002', '20200203', '20200209', 1);
INSERT INTO `week_job` VALUES (377, 50, '2020-01-18', '20200118', '2020', '01', '18', '星期六', 3, '20201', '2020-03', '202001', '20200113', '20200119', 1);
INSERT INTO `week_job` VALUES (378, 50, '2020-01-19', '20200119', '2020', '01', '19', '星期日', 3, '20201', '2020-03', '202001', '20200120', '20200126', 0);
INSERT INTO `week_job` VALUES (379, 50, '2020-01-20', '20200120', '2020', '01', '20', '星期一', 4, '20201', '2020-04', '202001', '20200120', '20200126', 1);
INSERT INTO `week_job` VALUES (380, 50, '2020-01-21', '20200121', '2020', '01', '21', '星期二', 4, '20201', '2020-04', '202001', '20200120', '20200126', 1);
INSERT INTO `week_job` VALUES (381, 50, '2020-01-22', '20200122', '2020', '01', '22', '星期三', 4, '20201', '2020-04', '202001', '20200120', '20200126', 0);
INSERT INTO `week_job` VALUES (382, 50, '2020-01-23', '20200123', '2020', '01', '23', '星期四', 4, '20201', '2020-04', '202001', '20200120', '20200126', 1);
INSERT INTO `week_job` VALUES (383, 50, '2020-01-24', '20200124', '2020', '01', '24', '星期五', 4, '20201', '2020-04', '202001', '20200120', '20200126', 1);
INSERT INTO `week_job` VALUES (384, 50, '2020-01-25', '20200125', '2020', '01', '25', '星期六', 4, '20201', '2020-04', '202001', '20200120', '20200126', 1);
INSERT INTO `week_job` VALUES (385, 50, '2020-01-26', '20200126', '2020', '01', '26', '星期日', 4, '20201', '2020-04', '202001', '20200127', '20200202', 1);
INSERT INTO `week_job` VALUES (386, 50, '2020-01-27', '20200127', '2020', '01', '27', '星期一', 5, '20201', '2020-05', '202001', '20200127', '20200202', 1);
INSERT INTO `week_job` VALUES (387, 50, '2020-01-28', '20200128', '2020', '01', '28', '星期二', 5, '20201', '2020-05', '202001', '20200127', '20200202', 1);
INSERT INTO `week_job` VALUES (388, 50, '2020-01-29', '20200129', '2020', '01', '29', '星期三', 5, '20201', '2020-05', '202001', '20200127', '20200202', 1);
INSERT INTO `week_job` VALUES (389, 50, '2020-01-30', '20200130', '2020', '01', '30', '星期四', 5, '20201', '2020-05', '202001', '20200127', '20200202', 1);
INSERT INTO `week_job` VALUES (390, 50, '2020-01-31', '20200131', '2020', '01', '31', '星期五', 5, '20201', '2020-05', '202001', '20200127', '20200202', 1);
INSERT INTO `week_job` VALUES (391, 50, '2020-02-01', '20200201', '2020', '02', '01', '星期六', 5, '20201', '2020-05', '202002', '20200127', '20200202', 1);
INSERT INTO `week_job` VALUES (392, 50, '2020-02-02', '20200202', '2020', '02', '02', '星期日', 5, '20201', '2020-05', '202002', '20200203', '20200209', 1);
INSERT INTO `week_job` VALUES (393, 50, '2020-02-03', '20200203', '2020', '02', '03', '星期一', 6, '20201', '2020-06', '202002', '20200203', '20200209', 0);
INSERT INTO `week_job` VALUES (394, 50, '2020-02-04', '20200204', '2020', '02', '04', '星期二', 6, '20201', '2020-06', '202002', '20200203', '20200209', 1);
INSERT INTO `week_job` VALUES (395, 50, '2020-02-05', '20200205', '2020', '02', '05', '星期三', 6, '20201', '2020-06', '202002', '20200203', '20200209', 1);
INSERT INTO `week_job` VALUES (396, 50, '2020-02-06', '20200206', '2020', '02', '06', '星期四', 6, '20201', '2020-06', '202002', '20200203', '20200209', 1);
INSERT INTO `week_job` VALUES (397, 51, '2020-05-18', '20200518', '2020', '05', '18', '星期一', 21, '20202', '2020-21', '202005', '20200518', '20200524', 1);
INSERT INTO `week_job` VALUES (398, 51, '2020-05-19', '20200519', '2020', '05', '19', '星期二', 21, '20202', '2020-21', '202005', '20200518', '20200524', 0);
INSERT INTO `week_job` VALUES (399, 51, '2020-05-20', '20200520', '2020', '05', '20', '星期三', 21, '20202', '2020-21', '202005', '20200518', '20200524', 1);
INSERT INTO `week_job` VALUES (400, 51, '2020-05-21', '20200521', '2020', '05', '21', '星期四', 21, '20202', '2020-21', '202005', '20200518', '20200524', 1);
INSERT INTO `week_job` VALUES (401, 51, '2020-05-22', '20200522', '2020', '05', '22', '星期五', 21, '20202', '2020-21', '202005', '20200518', '20200524', 1);
INSERT INTO `week_job` VALUES (402, 51, '2020-05-23', '20200523', '2020', '05', '23', '星期六', 21, '20202', '2020-21', '202005', '20200518', '20200524', 1);
INSERT INTO `week_job` VALUES (403, 51, '2020-05-24', '20200524', '2020', '05', '24', '星期日', 21, '20202', '2020-21', '202005', '20200525', '20200531', 1);
INSERT INTO `week_job` VALUES (404, 51, '2020-05-25', '20200525', '2020', '05', '25', '星期一', 22, '20202', '2020-22', '202005', '20200525', '20200531', 1);
INSERT INTO `week_job` VALUES (405, 51, '2020-05-26', '20200526', '2020', '05', '26', '星期二', 22, '20202', '2020-22', '202005', '20200525', '20200531', 0);
INSERT INTO `week_job` VALUES (406, 51, '2020-05-27', '20200527', '2020', '05', '27', '星期三', 22, '20202', '2020-22', '202005', '20200525', '20200531', 1);
INSERT INTO `week_job` VALUES (407, 51, '2020-05-28', '20200528', '2020', '05', '28', '星期四', 22, '20202', '2020-22', '202005', '20200525', '20200531', 1);
INSERT INTO `week_job` VALUES (408, 51, '2020-05-29', '20200529', '2020', '05', '29', '星期五', 22, '20202', '2020-22', '202005', '20200525', '20200531', 1);
INSERT INTO `week_job` VALUES (409, 51, '2020-05-30', '20200530', '2020', '05', '30', '星期六', 22, '20202', '2020-22', '202005', '20200525', '20200531', 1);
INSERT INTO `week_job` VALUES (410, 51, '2020-05-31', '20200531', '2020', '05', '31', '星期日', 22, '20202', '2020-22', '202005', '20200601', '20200607', 1);
INSERT INTO `week_job` VALUES (411, 51, '2020-06-01', '20200601', '2020', '06', '01', '星期一', 23, '20202', '2020-23', '202006', '20200601', '20200607', 1);
INSERT INTO `week_job` VALUES (412, 51, '2020-06-02', '20200602', '2020', '06', '02', '星期二', 23, '20202', '2020-23', '202006', '20200601', '20200607', 0);
INSERT INTO `week_job` VALUES (413, 51, '2020-06-03', '20200603', '2020', '06', '03', '星期三', 23, '20202', '2020-23', '202006', '20200601', '20200607', 1);
INSERT INTO `week_job` VALUES (414, 51, '2020-06-04', '20200604', '2020', '06', '04', '星期四', 23, '20202', '2020-23', '202006', '20200601', '20200607', 1);
INSERT INTO `week_job` VALUES (415, 51, '2020-06-05', '20200605', '2020', '06', '05', '星期五', 23, '20202', '2020-23', '202006', '20200601', '20200607', 1);
INSERT INTO `week_job` VALUES (416, 51, '2020-06-06', '20200606', '2020', '06', '06', '星期六', 23, '20202', '2020-23', '202006', '20200601', '20200607', 1);
INSERT INTO `week_job` VALUES (417, 52, '2020-01-16', '20200116', '2020', '01', '16', '星期四', 3, '20201', '2020-03', '202001', '20200113', '20200119', 0);
INSERT INTO `week_job` VALUES (418, 52, '2020-01-17', '20200117', '2020', '01', '17', '星期五', 3, '20201', '2020-03', '202001', '20200113', '20200119', 1);
INSERT INTO `week_job` VALUES (419, 52, '2020-01-18', '20200118', '2020', '01', '18', '星期六', 3, '20201', '2020-03', '202001', '20200113', '20200119', 1);
INSERT INTO `week_job` VALUES (420, 52, '2020-01-19', '20200119', '2020', '01', '19', '星期日', 3, '20201', '2020-03', '202001', '20200120', '20200126', 0);
INSERT INTO `week_job` VALUES (421, 52, '2020-01-20', '20200120', '2020', '01', '20', '星期一', 4, '20201', '2020-04', '202001', '20200120', '20200126', 1);
INSERT INTO `week_job` VALUES (422, 52, '2020-01-21', '20200121', '2020', '01', '21', '星期二', 4, '20201', '2020-04', '202001', '20200120', '20200126', 1);
INSERT INTO `week_job` VALUES (423, 52, '2020-01-22', '20200122', '2020', '01', '22', '星期三', 4, '20201', '2020-04', '202001', '20200120', '20200126', 0);
INSERT INTO `week_job` VALUES (424, 52, '2020-01-23', '20200123', '2020', '01', '23', '星期四', 4, '20201', '2020-04', '202001', '20200120', '20200126', 1);
INSERT INTO `week_job` VALUES (425, 52, '2020-01-24', '20200124', '2020', '01', '24', '星期五', 4, '20201', '2020-04', '202001', '20200120', '20200126', 1);
INSERT INTO `week_job` VALUES (426, 52, '2020-01-25', '20200125', '2020', '01', '25', '星期六', 4, '20201', '2020-04', '202001', '20200120', '20200126', 1);
INSERT INTO `week_job` VALUES (427, 52, '2020-01-26', '20200126', '2020', '01', '26', '星期日', 4, '20201', '2020-04', '202001', '20200127', '20200202', 1);
INSERT INTO `week_job` VALUES (428, 52, '2020-01-27', '20200127', '2020', '01', '27', '星期一', 5, '20201', '2020-05', '202001', '20200127', '20200202', 1);
INSERT INTO `week_job` VALUES (429, 52, '2020-01-28', '20200128', '2020', '01', '28', '星期二', 5, '20201', '2020-05', '202001', '20200127', '20200202', 1);
INSERT INTO `week_job` VALUES (430, 52, '2020-01-29', '20200129', '2020', '01', '29', '星期三', 5, '20201', '2020-05', '202001', '20200127', '20200202', 1);
INSERT INTO `week_job` VALUES (431, 52, '2020-01-30', '20200130', '2020', '01', '30', '星期四', 5, '20201', '2020-05', '202001', '20200127', '20200202', 1);
INSERT INTO `week_job` VALUES (432, 52, '2020-01-31', '20200131', '2020', '01', '31', '星期五', 5, '20201', '2020-05', '202001', '20200127', '20200202', 1);
INSERT INTO `week_job` VALUES (433, 52, '2020-02-01', '20200201', '2020', '02', '01', '星期六', 5, '20201', '2020-05', '202002', '20200127', '20200202', 1);
INSERT INTO `week_job` VALUES (434, 52, '2020-02-02', '20200202', '2020', '02', '02', '星期日', 5, '20201', '2020-05', '202002', '20200203', '20200209', 1);
INSERT INTO `week_job` VALUES (435, 52, '2020-02-03', '20200203', '2020', '02', '03', '星期一', 6, '20201', '2020-06', '202002', '20200203', '20200209', 0);
INSERT INTO `week_job` VALUES (436, 52, '2020-02-04', '20200204', '2020', '02', '04', '星期二', 6, '20201', '2020-06', '202002', '20200203', '20200209', 1);
INSERT INTO `week_job` VALUES (437, 52, '2020-02-05', '20200205', '2020', '02', '05', '星期三', 6, '20201', '2020-06', '202002', '20200203', '20200209', 1);
INSERT INTO `week_job` VALUES (438, 52, '2020-02-06', '20200206', '2020', '02', '06', '星期四', 6, '20201', '2020-06', '202002', '20200203', '20200209', 1);
INSERT INTO `week_job` VALUES (439, 52, '2020-02-07', '20200207', '2020', '02', '07', '星期五', 6, '20201', '2020-06', '202002', '20200203', '20200209', 1);
INSERT INTO `week_job` VALUES (440, 52, '2020-02-08', '20200208', '2020', '02', '08', '星期六', 6, '20201', '2020-06', '202002', '20200203', '20200209', 1);
INSERT INTO `week_job` VALUES (441, 52, '2020-02-09', '20200209', '2020', '02', '09', '星期日', 6, '20201', '2020-06', '202002', '20200210', '20200216', 0);
INSERT INTO `week_job` VALUES (442, 52, '2020-02-10', '20200210', '2020', '02', '10', '星期一', 7, '20201', '2020-07', '202002', '20200210', '20200216', 1);
INSERT INTO `week_job` VALUES (443, 52, '2020-02-11', '20200211', '2020', '02', '11', '星期二', 7, '20201', '2020-07', '202002', '20200210', '20200216', 1);
INSERT INTO `week_job` VALUES (444, 52, '2020-02-12', '20200212', '2020', '02', '12', '星期三', 7, '20201', '2020-07', '202002', '20200210', '20200216', 1);
INSERT INTO `week_job` VALUES (445, 52, '2020-02-13', '20200213', '2020', '02', '13', '星期四', 7, '20201', '2020-07', '202002', '20200210', '20200216', 1);
INSERT INTO `week_job` VALUES (446, 54, '2020-01-16', '20200116', '2020', '01', '16', '星期四', 3, '20201', '2020-03', '202001', '20200113', '20200119', 0);
INSERT INTO `week_job` VALUES (447, 54, '2020-01-17', '20200117', '2020', '01', '17', '星期五', 3, '20201', '2020-03', '202001', '20200113', '20200119', 1);
INSERT INTO `week_job` VALUES (448, 54, '2020-01-18', '20200118', '2020', '01', '18', '星期六', 3, '20201', '2020-03', '202001', '20200113', '20200119', 1);
INSERT INTO `week_job` VALUES (449, 54, '2020-01-19', '20200119', '2020', '01', '19', '星期日', 3, '20201', '2020-03', '202001', '20200120', '20200126', 0);
INSERT INTO `week_job` VALUES (450, 54, '2020-01-20', '20200120', '2020', '01', '20', '星期一', 4, '20201', '2020-04', '202001', '20200120', '20200126', 1);
INSERT INTO `week_job` VALUES (451, 54, '2020-01-21', '20200121', '2020', '01', '21', '星期二', 4, '20201', '2020-04', '202001', '20200120', '20200126', 1);
INSERT INTO `week_job` VALUES (452, 54, '2020-01-22', '20200122', '2020', '01', '22', '星期三', 4, '20201', '2020-04', '202001', '20200120', '20200126', 0);
INSERT INTO `week_job` VALUES (453, 54, '2020-01-23', '20200123', '2020', '01', '23', '星期四', 4, '20201', '2020-04', '202001', '20200120', '20200126', 1);
INSERT INTO `week_job` VALUES (454, 54, '2020-01-24', '20200124', '2020', '01', '24', '星期五', 4, '20201', '2020-04', '202001', '20200120', '20200126', 1);
INSERT INTO `week_job` VALUES (455, 54, '2020-01-25', '20200125', '2020', '01', '25', '星期六', 4, '20201', '2020-04', '202001', '20200120', '20200126', 1);
INSERT INTO `week_job` VALUES (456, 54, '2020-01-26', '20200126', '2020', '01', '26', '星期日', 4, '20201', '2020-04', '202001', '20200127', '20200202', 1);
INSERT INTO `week_job` VALUES (457, 54, '2020-01-27', '20200127', '2020', '01', '27', '星期一', 5, '20201', '2020-05', '202001', '20200127', '20200202', 1);
INSERT INTO `week_job` VALUES (458, 54, '2020-01-28', '20200128', '2020', '01', '28', '星期二', 5, '20201', '2020-05', '202001', '20200127', '20200202', 1);
INSERT INTO `week_job` VALUES (459, 54, '2020-01-29', '20200129', '2020', '01', '29', '星期三', 5, '20201', '2020-05', '202001', '20200127', '20200202', 1);
INSERT INTO `week_job` VALUES (460, 54, '2020-01-30', '20200130', '2020', '01', '30', '星期四', 5, '20201', '2020-05', '202001', '20200127', '20200202', 1);
INSERT INTO `week_job` VALUES (461, 54, '2020-01-31', '20200131', '2020', '01', '31', '星期五', 5, '20201', '2020-05', '202001', '20200127', '20200202', 1);
INSERT INTO `week_job` VALUES (462, 54, '2020-02-01', '20200201', '2020', '02', '01', '星期六', 5, '20201', '2020-05', '202002', '20200127', '20200202', 1);
INSERT INTO `week_job` VALUES (463, 54, '2020-02-02', '20200202', '2020', '02', '02', '星期日', 5, '20201', '2020-05', '202002', '20200203', '20200209', 1);
INSERT INTO `week_job` VALUES (464, 54, '2020-02-03', '20200203', '2020', '02', '03', '星期一', 6, '20201', '2020-06', '202002', '20200203', '20200209', 0);
INSERT INTO `week_job` VALUES (465, 54, '2020-02-04', '20200204', '2020', '02', '04', '星期二', 6, '20201', '2020-06', '202002', '20200203', '20200209', 1);
INSERT INTO `week_job` VALUES (466, 54, '2020-02-05', '20200205', '2020', '02', '05', '星期三', 6, '20201', '2020-06', '202002', '20200203', '20200209', 1);
INSERT INTO `week_job` VALUES (467, 54, '2020-02-06', '20200206', '2020', '02', '06', '星期四', 6, '20201', '2020-06', '202002', '20200203', '20200209', 1);
INSERT INTO `week_job` VALUES (468, 54, '2020-02-07', '20200207', '2020', '02', '07', '星期五', 6, '20201', '2020-06', '202002', '20200203', '20200209', 1);
INSERT INTO `week_job` VALUES (469, 54, '2020-02-08', '20200208', '2020', '02', '08', '星期六', 6, '20201', '2020-06', '202002', '20200203', '20200209', 1);
INSERT INTO `week_job` VALUES (470, 54, '2020-02-09', '20200209', '2020', '02', '09', '星期日', 6, '20201', '2020-06', '202002', '20200210', '20200216', 0);
INSERT INTO `week_job` VALUES (471, 54, '2020-02-10', '20200210', '2020', '02', '10', '星期一', 7, '20201', '2020-07', '202002', '20200210', '20200216', 1);
INSERT INTO `week_job` VALUES (472, 54, '2020-02-11', '20200211', '2020', '02', '11', '星期二', 7, '20201', '2020-07', '202002', '20200210', '20200216', 1);
INSERT INTO `week_job` VALUES (473, 54, '2020-02-12', '20200212', '2020', '02', '12', '星期三', 7, '20201', '2020-07', '202002', '20200210', '20200216', 1);
INSERT INTO `week_job` VALUES (474, 54, '2020-02-13', '20200213', '2020', '02', '13', '星期四', 7, '20201', '2020-07', '202002', '20200210', '20200216', 1);
INSERT INTO `week_job` VALUES (475, 55, '2020-01-16', '20200116', '2020', '01', '16', '星期四', 3, '20201', '2020-03', '202001', '20200113', '20200119', 0);
INSERT INTO `week_job` VALUES (476, 55, '2020-01-17', '20200117', '2020', '01', '17', '星期五', 3, '20201', '2020-03', '202001', '20200113', '20200119', 1);
INSERT INTO `week_job` VALUES (477, 55, '2020-01-18', '20200118', '2020', '01', '18', '星期六', 3, '20201', '2020-03', '202001', '20200113', '20200119', 1);
INSERT INTO `week_job` VALUES (478, 55, '2020-01-19', '20200119', '2020', '01', '19', '星期日', 3, '20201', '2020-03', '202001', '20200120', '20200126', 0);
INSERT INTO `week_job` VALUES (479, 55, '2020-01-20', '20200120', '2020', '01', '20', '星期一', 4, '20201', '2020-04', '202001', '20200120', '20200126', 1);
INSERT INTO `week_job` VALUES (480, 55, '2020-01-21', '20200121', '2020', '01', '21', '星期二', 4, '20201', '2020-04', '202001', '20200120', '20200126', 1);
INSERT INTO `week_job` VALUES (481, 55, '2020-01-22', '20200122', '2020', '01', '22', '星期三', 4, '20201', '2020-04', '202001', '20200120', '20200126', 0);
INSERT INTO `week_job` VALUES (482, 55, '2020-01-23', '20200123', '2020', '01', '23', '星期四', 4, '20201', '2020-04', '202001', '20200120', '20200126', 1);
INSERT INTO `week_job` VALUES (483, 55, '2020-01-24', '20200124', '2020', '01', '24', '星期五', 4, '20201', '2020-04', '202001', '20200120', '20200126', 1);
INSERT INTO `week_job` VALUES (484, 55, '2020-01-25', '20200125', '2020', '01', '25', '星期六', 4, '20201', '2020-04', '202001', '20200120', '20200126', 1);
INSERT INTO `week_job` VALUES (485, 55, '2020-01-26', '20200126', '2020', '01', '26', '星期日', 4, '20201', '2020-04', '202001', '20200127', '20200202', 1);
INSERT INTO `week_job` VALUES (486, 55, '2020-01-27', '20200127', '2020', '01', '27', '星期一', 5, '20201', '2020-05', '202001', '20200127', '20200202', 1);
INSERT INTO `week_job` VALUES (487, 55, '2020-01-28', '20200128', '2020', '01', '28', '星期二', 5, '20201', '2020-05', '202001', '20200127', '20200202', 1);
INSERT INTO `week_job` VALUES (488, 55, '2020-01-29', '20200129', '2020', '01', '29', '星期三', 5, '20201', '2020-05', '202001', '20200127', '20200202', 1);
INSERT INTO `week_job` VALUES (489, 55, '2020-01-30', '20200130', '2020', '01', '30', '星期四', 5, '20201', '2020-05', '202001', '20200127', '20200202', 1);
INSERT INTO `week_job` VALUES (490, 55, '2020-01-31', '20200131', '2020', '01', '31', '星期五', 5, '20201', '2020-05', '202001', '20200127', '20200202', 1);
INSERT INTO `week_job` VALUES (491, 55, '2020-02-01', '20200201', '2020', '02', '01', '星期六', 5, '20201', '2020-05', '202002', '20200127', '20200202', 1);
INSERT INTO `week_job` VALUES (492, 55, '2020-02-02', '20200202', '2020', '02', '02', '星期日', 5, '20201', '2020-05', '202002', '20200203', '20200209', 1);
INSERT INTO `week_job` VALUES (493, 55, '2020-02-03', '20200203', '2020', '02', '03', '星期一', 6, '20201', '2020-06', '202002', '20200203', '20200209', 0);
INSERT INTO `week_job` VALUES (494, 55, '2020-02-04', '20200204', '2020', '02', '04', '星期二', 6, '20201', '2020-06', '202002', '20200203', '20200209', 1);
INSERT INTO `week_job` VALUES (495, 55, '2020-02-05', '20200205', '2020', '02', '05', '星期三', 6, '20201', '2020-06', '202002', '20200203', '20200209', 1);
INSERT INTO `week_job` VALUES (496, 55, '2020-02-06', '20200206', '2020', '02', '06', '星期四', 6, '20201', '2020-06', '202002', '20200203', '20200209', 1);
INSERT INTO `week_job` VALUES (497, 55, '2020-02-07', '20200207', '2020', '02', '07', '星期五', 6, '20201', '2020-06', '202002', '20200203', '20200209', 1);
INSERT INTO `week_job` VALUES (498, 55, '2020-02-08', '20200208', '2020', '02', '08', '星期六', 6, '20201', '2020-06', '202002', '20200203', '20200209', 1);
INSERT INTO `week_job` VALUES (499, 55, '2020-02-09', '20200209', '2020', '02', '09', '星期日', 6, '20201', '2020-06', '202002', '20200210', '20200216', 0);
INSERT INTO `week_job` VALUES (500, 55, '2020-02-10', '20200210', '2020', '02', '10', '星期一', 7, '20201', '2020-07', '202002', '20200210', '20200216', 1);
INSERT INTO `week_job` VALUES (501, 55, '2020-02-11', '20200211', '2020', '02', '11', '星期二', 7, '20201', '2020-07', '202002', '20200210', '20200216', 1);
INSERT INTO `week_job` VALUES (502, 55, '2020-02-12', '20200212', '2020', '02', '12', '星期三', 7, '20201', '2020-07', '202002', '20200210', '20200216', 0);
INSERT INTO `week_job` VALUES (503, 55, '2020-02-13', '20200213', '2020', '02', '13', '星期四', 7, '20201', '2020-07', '202002', '20200210', '20200216', 0);
INSERT INTO `week_job` VALUES (504, 56, '2020-01-16', '20200116', '2020', '01', '16', '星期四', 3, '20201', '2020-03', '202001', '20200113', '20200119', 0);
INSERT INTO `week_job` VALUES (505, 56, '2020-01-17', '20200117', '2020', '01', '17', '星期五', 3, '20201', '2020-03', '202001', '20200113', '20200119', 1);
INSERT INTO `week_job` VALUES (506, 56, '2020-01-18', '20200118', '2020', '01', '18', '星期六', 3, '20201', '2020-03', '202001', '20200113', '20200119', 1);
INSERT INTO `week_job` VALUES (507, 56, '2020-01-19', '20200119', '2020', '01', '19', '星期日', 3, '20201', '2020-03', '202001', '20200120', '20200126', 0);
INSERT INTO `week_job` VALUES (508, 56, '2020-01-20', '20200120', '2020', '01', '20', '星期一', 4, '20201', '2020-04', '202001', '20200120', '20200126', 1);
INSERT INTO `week_job` VALUES (509, 56, '2020-01-21', '20200121', '2020', '01', '21', '星期二', 4, '20201', '2020-04', '202001', '20200120', '20200126', 1);
INSERT INTO `week_job` VALUES (510, 56, '2020-01-22', '20200122', '2020', '01', '22', '星期三', 4, '20201', '2020-04', '202001', '20200120', '20200126', 0);
INSERT INTO `week_job` VALUES (511, 56, '2020-01-23', '20200123', '2020', '01', '23', '星期四', 4, '20201', '2020-04', '202001', '20200120', '20200126', 1);
INSERT INTO `week_job` VALUES (512, 56, '2020-01-24', '20200124', '2020', '01', '24', '星期五', 4, '20201', '2020-04', '202001', '20200120', '20200126', 1);
INSERT INTO `week_job` VALUES (513, 56, '2020-01-25', '20200125', '2020', '01', '25', '星期六', 4, '20201', '2020-04', '202001', '20200120', '20200126', 1);
INSERT INTO `week_job` VALUES (514, 56, '2020-01-26', '20200126', '2020', '01', '26', '星期日', 4, '20201', '2020-04', '202001', '20200127', '20200202', 1);
INSERT INTO `week_job` VALUES (515, 56, '2020-01-27', '20200127', '2020', '01', '27', '星期一', 5, '20201', '2020-05', '202001', '20200127', '20200202', 1);
INSERT INTO `week_job` VALUES (516, 56, '2020-01-28', '20200128', '2020', '01', '28', '星期二', 5, '20201', '2020-05', '202001', '20200127', '20200202', 1);
INSERT INTO `week_job` VALUES (517, 56, '2020-01-29', '20200129', '2020', '01', '29', '星期三', 5, '20201', '2020-05', '202001', '20200127', '20200202', 1);
INSERT INTO `week_job` VALUES (518, 56, '2020-01-30', '20200130', '2020', '01', '30', '星期四', 5, '20201', '2020-05', '202001', '20200127', '20200202', 1);
INSERT INTO `week_job` VALUES (519, 56, '2020-01-31', '20200131', '2020', '01', '31', '星期五', 5, '20201', '2020-05', '202001', '20200127', '20200202', 1);
INSERT INTO `week_job` VALUES (520, 56, '2020-02-01', '20200201', '2020', '02', '01', '星期六', 5, '20201', '2020-05', '202002', '20200127', '20200202', 1);
INSERT INTO `week_job` VALUES (521, 56, '2020-02-02', '20200202', '2020', '02', '02', '星期日', 5, '20201', '2020-05', '202002', '20200203', '20200209', 1);
INSERT INTO `week_job` VALUES (522, 56, '2020-02-03', '20200203', '2020', '02', '03', '星期一', 6, '20201', '2020-06', '202002', '20200203', '20200209', 0);
INSERT INTO `week_job` VALUES (523, 56, '2020-02-04', '20200204', '2020', '02', '04', '星期二', 6, '20201', '2020-06', '202002', '20200203', '20200209', 1);
INSERT INTO `week_job` VALUES (524, 56, '2020-02-05', '20200205', '2020', '02', '05', '星期三', 6, '20201', '2020-06', '202002', '20200203', '20200209', 1);
INSERT INTO `week_job` VALUES (525, 56, '2020-02-06', '20200206', '2020', '02', '06', '星期四', 6, '20201', '2020-06', '202002', '20200203', '20200209', 1);
INSERT INTO `week_job` VALUES (526, 56, '2020-02-07', '20200207', '2020', '02', '07', '星期五', 6, '20201', '2020-06', '202002', '20200203', '20200209', 1);
INSERT INTO `week_job` VALUES (527, 56, '2020-02-08', '20200208', '2020', '02', '08', '星期六', 6, '20201', '2020-06', '202002', '20200203', '20200209', 1);
INSERT INTO `week_job` VALUES (528, 56, '2020-02-09', '20200209', '2020', '02', '09', '星期日', 6, '20201', '2020-06', '202002', '20200210', '20200216', 0);
INSERT INTO `week_job` VALUES (529, 56, '2020-02-10', '20200210', '2020', '02', '10', '星期一', 7, '20201', '2020-07', '202002', '20200210', '20200216', 1);
INSERT INTO `week_job` VALUES (530, 56, '2020-02-11', '20200211', '2020', '02', '11', '星期二', 7, '20201', '2020-07', '202002', '20200210', '20200216', 1);
INSERT INTO `week_job` VALUES (531, 56, '2020-02-12', '20200212', '2020', '02', '12', '星期三', 7, '20201', '2020-07', '202002', '20200210', '20200216', 0);
INSERT INTO `week_job` VALUES (532, 56, '2020-02-13', '20200213', '2020', '02', '13', '星期四', 7, '20201', '2020-07', '202002', '20200210', '20200216', 0);
INSERT INTO `week_job` VALUES (533, 57, '2020-01-16', '20200116', '2020', '01', '16', '星期四', 3, '20201', '2020-03', '202001', '20200113', '20200119', 0);
INSERT INTO `week_job` VALUES (534, 57, '2020-01-17', '20200117', '2020', '01', '17', '星期五', 3, '20201', '2020-03', '202001', '20200113', '20200119', 1);
INSERT INTO `week_job` VALUES (535, 57, '2020-01-18', '20200118', '2020', '01', '18', '星期六', 3, '20201', '2020-03', '202001', '20200113', '20200119', 1);
INSERT INTO `week_job` VALUES (536, 57, '2020-01-19', '20200119', '2020', '01', '19', '星期日', 3, '20201', '2020-03', '202001', '20200120', '20200126', 0);
INSERT INTO `week_job` VALUES (537, 57, '2020-01-20', '20200120', '2020', '01', '20', '星期一', 4, '20201', '2020-04', '202001', '20200120', '20200126', 1);
INSERT INTO `week_job` VALUES (538, 57, '2020-01-21', '20200121', '2020', '01', '21', '星期二', 4, '20201', '2020-04', '202001', '20200120', '20200126', 1);
INSERT INTO `week_job` VALUES (539, 57, '2020-01-22', '20200122', '2020', '01', '22', '星期三', 4, '20201', '2020-04', '202001', '20200120', '20200126', 0);
INSERT INTO `week_job` VALUES (540, 57, '2020-01-23', '20200123', '2020', '01', '23', '星期四', 4, '20201', '2020-04', '202001', '20200120', '20200126', 1);
INSERT INTO `week_job` VALUES (541, 57, '2020-01-24', '20200124', '2020', '01', '24', '星期五', 4, '20201', '2020-04', '202001', '20200120', '20200126', 1);
INSERT INTO `week_job` VALUES (542, 57, '2020-01-25', '20200125', '2020', '01', '25', '星期六', 4, '20201', '2020-04', '202001', '20200120', '20200126', 1);
INSERT INTO `week_job` VALUES (543, 57, '2020-01-26', '20200126', '2020', '01', '26', '星期日', 4, '20201', '2020-04', '202001', '20200127', '20200202', 1);
INSERT INTO `week_job` VALUES (544, 57, '2020-01-27', '20200127', '2020', '01', '27', '星期一', 5, '20201', '2020-05', '202001', '20200127', '20200202', 1);
INSERT INTO `week_job` VALUES (545, 57, '2020-01-28', '20200128', '2020', '01', '28', '星期二', 5, '20201', '2020-05', '202001', '20200127', '20200202', 1);
INSERT INTO `week_job` VALUES (546, 57, '2020-01-29', '20200129', '2020', '01', '29', '星期三', 5, '20201', '2020-05', '202001', '20200127', '20200202', 1);
INSERT INTO `week_job` VALUES (547, 57, '2020-01-30', '20200130', '2020', '01', '30', '星期四', 5, '20201', '2020-05', '202001', '20200127', '20200202', 1);
INSERT INTO `week_job` VALUES (548, 57, '2020-01-31', '20200131', '2020', '01', '31', '星期五', 5, '20201', '2020-05', '202001', '20200127', '20200202', 1);
INSERT INTO `week_job` VALUES (549, 57, '2020-02-01', '20200201', '2020', '02', '01', '星期六', 5, '20201', '2020-05', '202002', '20200127', '20200202', 1);
INSERT INTO `week_job` VALUES (550, 57, '2020-02-02', '20200202', '2020', '02', '02', '星期日', 5, '20201', '2020-05', '202002', '20200203', '20200209', 1);
INSERT INTO `week_job` VALUES (551, 57, '2020-02-03', '20200203', '2020', '02', '03', '星期一', 6, '20201', '2020-06', '202002', '20200203', '20200209', 0);
INSERT INTO `week_job` VALUES (552, 57, '2020-02-04', '20200204', '2020', '02', '04', '星期二', 6, '20201', '2020-06', '202002', '20200203', '20200209', 1);
INSERT INTO `week_job` VALUES (553, 57, '2020-02-05', '20200205', '2020', '02', '05', '星期三', 6, '20201', '2020-06', '202002', '20200203', '20200209', 1);
INSERT INTO `week_job` VALUES (554, 57, '2020-02-06', '20200206', '2020', '02', '06', '星期四', 6, '20201', '2020-06', '202002', '20200203', '20200209', 1);
INSERT INTO `week_job` VALUES (555, 57, '2020-02-07', '20200207', '2020', '02', '07', '星期五', 6, '20201', '2020-06', '202002', '20200203', '20200209', 1);
INSERT INTO `week_job` VALUES (556, 57, '2020-02-08', '20200208', '2020', '02', '08', '星期六', 6, '20201', '2020-06', '202002', '20200203', '20200209', 1);
INSERT INTO `week_job` VALUES (557, 57, '2020-02-09', '20200209', '2020', '02', '09', '星期日', 6, '20201', '2020-06', '202002', '20200210', '20200216', 0);
INSERT INTO `week_job` VALUES (558, 57, '2020-02-10', '20200210', '2020', '02', '10', '星期一', 7, '20201', '2020-07', '202002', '20200210', '20200216', 1);
INSERT INTO `week_job` VALUES (559, 57, '2020-02-11', '20200211', '2020', '02', '11', '星期二', 7, '20201', '2020-07', '202002', '20200210', '20200216', 1);
INSERT INTO `week_job` VALUES (560, 57, '2020-02-12', '20200212', '2020', '02', '12', '星期三', 7, '20201', '2020-07', '202002', '20200210', '20200216', 0);
INSERT INTO `week_job` VALUES (561, 57, '2020-02-13', '20200213', '2020', '02', '13', '星期四', 7, '20201', '2020-07', '202002', '20200210', '20200216', 0);
INSERT INTO `week_job` VALUES (562, 58, '2020-01-16', '20200116', '2020', '01', '16', '星期四', 3, '20201', '2020-03', '202001', '20200113', '20200119', 0);
INSERT INTO `week_job` VALUES (563, 58, '2020-01-17', '20200117', '2020', '01', '17', '星期五', 3, '20201', '2020-03', '202001', '20200113', '20200119', 0);
INSERT INTO `week_job` VALUES (564, 58, '2020-01-18', '20200118', '2020', '01', '18', '星期六', 3, '20201', '2020-03', '202001', '20200113', '20200119', 0);
INSERT INTO `week_job` VALUES (565, 58, '2020-01-19', '20200119', '2020', '01', '19', '星期日', 3, '20201', '2020-03', '202001', '20200120', '20200126', 0);
INSERT INTO `week_job` VALUES (566, 58, '2020-01-20', '20200120', '2020', '01', '20', '星期一', 4, '20201', '2020-04', '202001', '20200120', '20200126', 0);
INSERT INTO `week_job` VALUES (567, 58, '2020-01-21', '20200121', '2020', '01', '21', '星期二', 4, '20201', '2020-04', '202001', '20200120', '20200126', 0);
INSERT INTO `week_job` VALUES (568, 58, '2020-01-22', '20200122', '2020', '01', '22', '星期三', 4, '20201', '2020-04', '202001', '20200120', '20200126', 0);
INSERT INTO `week_job` VALUES (569, 58, '2020-01-23', '20200123', '2020', '01', '23', '星期四', 4, '20201', '2020-04', '202001', '20200120', '20200126', 0);
INSERT INTO `week_job` VALUES (570, 58, '2020-01-24', '20200124', '2020', '01', '24', '星期五', 4, '20201', '2020-04', '202001', '20200120', '20200126', 0);
INSERT INTO `week_job` VALUES (571, 58, '2020-01-25', '20200125', '2020', '01', '25', '星期六', 4, '20201', '2020-04', '202001', '20200120', '20200126', 0);
INSERT INTO `week_job` VALUES (572, 58, '2020-01-26', '20200126', '2020', '01', '26', '星期日', 4, '20201', '2020-04', '202001', '20200127', '20200202', 0);
INSERT INTO `week_job` VALUES (573, 58, '2020-01-27', '20200127', '2020', '01', '27', '星期一', 5, '20201', '2020-05', '202001', '20200127', '20200202', 0);
INSERT INTO `week_job` VALUES (574, 58, '2020-01-28', '20200128', '2020', '01', '28', '星期二', 5, '20201', '2020-05', '202001', '20200127', '20200202', 0);
INSERT INTO `week_job` VALUES (575, 58, '2020-01-29', '20200129', '2020', '01', '29', '星期三', 5, '20201', '2020-05', '202001', '20200127', '20200202', 0);
INSERT INTO `week_job` VALUES (576, 58, '2020-01-30', '20200130', '2020', '01', '30', '星期四', 5, '20201', '2020-05', '202001', '20200127', '20200202', 0);
INSERT INTO `week_job` VALUES (577, 58, '2020-01-31', '20200131', '2020', '01', '31', '星期五', 5, '20201', '2020-05', '202001', '20200127', '20200202', 0);
INSERT INTO `week_job` VALUES (578, 58, '2020-02-01', '20200201', '2020', '02', '01', '星期六', 5, '20201', '2020-05', '202002', '20200127', '20200202', 0);
INSERT INTO `week_job` VALUES (579, 58, '2020-02-02', '20200202', '2020', '02', '02', '星期日', 5, '20201', '2020-05', '202002', '20200203', '20200209', 0);
INSERT INTO `week_job` VALUES (580, 58, '2020-02-03', '20200203', '2020', '02', '03', '星期一', 6, '20201', '2020-06', '202002', '20200203', '20200209', 0);
INSERT INTO `week_job` VALUES (581, 58, '2020-02-04', '20200204', '2020', '02', '04', '星期二', 6, '20201', '2020-06', '202002', '20200203', '20200209', 0);
INSERT INTO `week_job` VALUES (582, 58, '2020-02-05', '20200205', '2020', '02', '05', '星期三', 6, '20201', '2020-06', '202002', '20200203', '20200209', 0);
INSERT INTO `week_job` VALUES (583, 58, '2020-02-06', '20200206', '2020', '02', '06', '星期四', 6, '20201', '2020-06', '202002', '20200203', '20200209', 0);
INSERT INTO `week_job` VALUES (584, 58, '2020-02-07', '20200207', '2020', '02', '07', '星期五', 6, '20201', '2020-06', '202002', '20200203', '20200209', 0);
INSERT INTO `week_job` VALUES (585, 58, '2020-02-08', '20200208', '2020', '02', '08', '星期六', 6, '20201', '2020-06', '202002', '20200203', '20200209', 0);
INSERT INTO `week_job` VALUES (586, 58, '2020-02-09', '20200209', '2020', '02', '09', '星期日', 6, '20201', '2020-06', '202002', '20200210', '20200216', 0);
INSERT INTO `week_job` VALUES (587, 58, '2020-02-10', '20200210', '2020', '02', '10', '星期一', 7, '20201', '2020-07', '202002', '20200210', '20200216', 0);
INSERT INTO `week_job` VALUES (588, 58, '2020-02-11', '20200211', '2020', '02', '11', '星期二', 7, '20201', '2020-07', '202002', '20200210', '20200216', 0);
INSERT INTO `week_job` VALUES (589, 58, '2020-02-12', '20200212', '2020', '02', '12', '星期三', 7, '20201', '2020-07', '202002', '20200210', '20200216', 0);
INSERT INTO `week_job` VALUES (590, 58, '2020-02-13', '20200213', '2020', '02', '13', '星期四', 7, '20201', '2020-07', '202002', '20200210', '20200216', 0);
INSERT INTO `week_job` VALUES (591, 59, '2020-01-16', '20200116', '2020', '01', '16', '星期四', 3, '20201', '2020-03', '202001', '20200113', '20200119', 0);
INSERT INTO `week_job` VALUES (592, 59, '2020-01-17', '20200117', '2020', '01', '17', '星期五', 3, '20201', '2020-03', '202001', '20200113', '20200119', 0);
INSERT INTO `week_job` VALUES (593, 59, '2020-01-18', '20200118', '2020', '01', '18', '星期六', 3, '20201', '2020-03', '202001', '20200113', '20200119', 0);
INSERT INTO `week_job` VALUES (594, 59, '2020-01-19', '20200119', '2020', '01', '19', '星期日', 3, '20201', '2020-03', '202001', '20200120', '20200126', 0);
INSERT INTO `week_job` VALUES (595, 59, '2020-01-20', '20200120', '2020', '01', '20', '星期一', 4, '20201', '2020-04', '202001', '20200120', '20200126', 0);
INSERT INTO `week_job` VALUES (596, 59, '2020-01-21', '20200121', '2020', '01', '21', '星期二', 4, '20201', '2020-04', '202001', '20200120', '20200126', 0);
INSERT INTO `week_job` VALUES (597, 59, '2020-01-22', '20200122', '2020', '01', '22', '星期三', 4, '20201', '2020-04', '202001', '20200120', '20200126', 0);
INSERT INTO `week_job` VALUES (598, 59, '2020-01-23', '20200123', '2020', '01', '23', '星期四', 4, '20201', '2020-04', '202001', '20200120', '20200126', 0);
INSERT INTO `week_job` VALUES (599, 59, '2020-01-24', '20200124', '2020', '01', '24', '星期五', 4, '20201', '2020-04', '202001', '20200120', '20200126', 0);
INSERT INTO `week_job` VALUES (600, 59, '2020-01-25', '20200125', '2020', '01', '25', '星期六', 4, '20201', '2020-04', '202001', '20200120', '20200126', 0);
INSERT INTO `week_job` VALUES (601, 59, '2020-01-26', '20200126', '2020', '01', '26', '星期日', 4, '20201', '2020-04', '202001', '20200127', '20200202', 0);
INSERT INTO `week_job` VALUES (602, 59, '2020-01-27', '20200127', '2020', '01', '27', '星期一', 5, '20201', '2020-05', '202001', '20200127', '20200202', 0);
INSERT INTO `week_job` VALUES (603, 59, '2020-01-28', '20200128', '2020', '01', '28', '星期二', 5, '20201', '2020-05', '202001', '20200127', '20200202', 0);
INSERT INTO `week_job` VALUES (604, 59, '2020-01-29', '20200129', '2020', '01', '29', '星期三', 5, '20201', '2020-05', '202001', '20200127', '20200202', 0);
INSERT INTO `week_job` VALUES (605, 59, '2020-01-30', '20200130', '2020', '01', '30', '星期四', 5, '20201', '2020-05', '202001', '20200127', '20200202', 0);
INSERT INTO `week_job` VALUES (606, 59, '2020-01-31', '20200131', '2020', '01', '31', '星期五', 5, '20201', '2020-05', '202001', '20200127', '20200202', 0);
INSERT INTO `week_job` VALUES (607, 59, '2020-02-01', '20200201', '2020', '02', '01', '星期六', 5, '20201', '2020-05', '202002', '20200127', '20200202', 0);
INSERT INTO `week_job` VALUES (608, 59, '2020-02-02', '20200202', '2020', '02', '02', '星期日', 5, '20201', '2020-05', '202002', '20200203', '20200209', 0);
INSERT INTO `week_job` VALUES (609, 59, '2020-02-03', '20200203', '2020', '02', '03', '星期一', 6, '20201', '2020-06', '202002', '20200203', '20200209', 0);
INSERT INTO `week_job` VALUES (610, 59, '2020-02-04', '20200204', '2020', '02', '04', '星期二', 6, '20201', '2020-06', '202002', '20200203', '20200209', 0);
INSERT INTO `week_job` VALUES (611, 59, '2020-02-05', '20200205', '2020', '02', '05', '星期三', 6, '20201', '2020-06', '202002', '20200203', '20200209', 0);
INSERT INTO `week_job` VALUES (612, 59, '2020-02-06', '20200206', '2020', '02', '06', '星期四', 6, '20201', '2020-06', '202002', '20200203', '20200209', 0);
INSERT INTO `week_job` VALUES (613, 59, '2020-02-07', '20200207', '2020', '02', '07', '星期五', 6, '20201', '2020-06', '202002', '20200203', '20200209', 0);
INSERT INTO `week_job` VALUES (614, 59, '2020-02-08', '20200208', '2020', '02', '08', '星期六', 6, '20201', '2020-06', '202002', '20200203', '20200209', 0);
INSERT INTO `week_job` VALUES (615, 59, '2020-02-09', '20200209', '2020', '02', '09', '星期日', 6, '20201', '2020-06', '202002', '20200210', '20200216', 0);
INSERT INTO `week_job` VALUES (616, 59, '2020-02-10', '20200210', '2020', '02', '10', '星期一', 7, '20201', '2020-07', '202002', '20200210', '20200216', 0);
INSERT INTO `week_job` VALUES (617, 59, '2020-02-11', '20200211', '2020', '02', '11', '星期二', 7, '20201', '2020-07', '202002', '20200210', '20200216', 0);
INSERT INTO `week_job` VALUES (618, 59, '2020-02-12', '20200212', '2020', '02', '12', '星期三', 7, '20201', '2020-07', '202002', '20200210', '20200216', 0);
INSERT INTO `week_job` VALUES (619, 59, '2020-02-13', '20200213', '2020', '02', '13', '星期四', 7, '20201', '2020-07', '202002', '20200210', '20200216', 0);

SET FOREIGN_KEY_CHECKS = 1;
